날짜,수익률
2000-02-01,8.71
2000-02-02,8.71
2000-02-03,8.67
2000-02-07,8.63
2000-02-08,8.65
2000-02-09,8.66
2000-02-10,8.64
2000-02-11,8.61
2000-02-14,8.5
2000-02-15,8.51
2000-02-16,8.51
2000-02-17,8.54
2000-02-18,8.55
2000-02-21,8.55
2000-02-22,8.55
2000-02-23,8.51
2000-02-24,8.43
2000-02-25,8.28
2000-02-28,8.26
2000-02-29,8.25
2000-03-02,8.33
2000-03-03,8.35
2000-03-06,8.37
2000-03-07,8.37
2000-03-08,8.39
2000-03-09,8.36
2000-03-10,8.34
2000-03-13,8.34
2000-03-14,8.36
2000-03-15,8.38
2000-03-16,8.35
2000-03-17,8.33
2000-03-20,8.34
2000-03-21,8.34
2000-03-22,8.34
2000-03-23,8.34
2000-03-24,8.34
2000-03-27,8.34
2000-03-28,8.34
2000-03-29,8.32
2000-03-30,8.32
2000-03-31,8.32
2000-04-03,8.33
2000-04-04,8.33
2000-04-06,8.33
2000-04-07,8.31
2000-04-10,8.31
2000-04-11,8.32
2000-04-12,8.36
2000-04-14,8.38
2000-04-17,8.42
2000-04-18,8.37
2000-04-19,8.35
2000-04-20,8.35
2000-04-21,8.35
2000-04-24,8.35
2000-04-25,8.35
2000-04-26,8.35
2000-04-27,8.35
2000-04-28,8.32
2000-05-02,8.3
2000-05-03,8.29
2000-05-04,8.28
2000-05-08,8.28
2000-05-09,8.28
2000-05-10,8.29
2000-05-12,8.3
2000-05-15,8.32
2000-05-16,8.32
2000-05-17,8.32
2000-05-18,8.32
2000-05-19,8.37
2000-05-22,8.37
2000-05-23,8.42
2000-05-24,8.4
2000-05-25,8.39
2000-05-26,8.39
2000-05-29,8.39
2000-05-30,8.36
2000-05-31,8.35
2000-06-01,8.32
2000-06-02,8.31
2000-06-05,8.25
2000-06-07,8.25
2000-06-08,8.25
2000-06-09,8.25
2000-06-12,8.25
2000-06-13,8.26
2000-06-14,8.26
2000-06-15,8.26
2000-06-16,8.26
2000-06-19,8.26
2000-06-20,8.26
2000-06-21,8.25
2000-06-22,8.23
2000-06-23,8.2
2000-06-26,8.2
2000-06-27,8.2
2000-06-28,8.2
2000-06-29,8.17
2000-06-30,8.11
2000-07-03,7.81
2000-07-04,7.83
2000-07-05,7.78
2000-07-06,7.77
2000-07-07,7.65
2000-07-10,7.67
2000-07-11,7.67
2000-07-12,7.66
2000-07-13,7.66
2000-07-14,7.58
2000-07-18,7.48
2000-07-19,7.39
2000-07-20,7.4
2000-07-21,7.4
2000-07-24,7.4
2000-07-25,7.41
2000-07-26,7.39
2000-07-27,7.36
2000-07-28,7.33
2000-07-31,7.33
2000-08-01,7.31
2000-08-02,7.22
2000-08-03,7.18
2000-08-04,7.18
2000-08-07,7.18
2000-08-08,7.14
2000-08-09,7.12
2000-08-10,7.08
2000-08-11,7.11
2000-08-14,7.13
2000-08-16,7.16
2000-08-17,7.18
2000-08-18,7.23
2000-08-21,7.23
2000-08-22,7.22
2000-08-23,7.22
2000-08-24,7.24
2000-08-25,7.25
2000-08-28,7.25
2000-08-29,7.24
2000-08-30,7.2
2000-08-31,7.24
2000-09-01,7.24
2000-09-04,7.2
2000-09-05,7.2
2000-09-06,7.17
2000-09-07,7.17
2000-09-08,7.16
2000-09-14,7.2
2000-09-15,7.22
2000-09-18,7.33
2000-09-19,7.32
2000-09-20,7.31
2000-09-21,7.32
2000-09-22,7.35
2000-09-25,7.34
2000-09-26,7.33
2000-09-27,7.3
2000-09-28,7.29
2000-09-29,7.28
2000-10-02,7.25
2000-10-04,7.24
2000-10-05,7.22
2000-10-06,7.18
2000-10-09,7.16
2000-10-10,7.16
2000-10-11,7.17
2000-10-12,7.17
2000-10-13,7.2
2000-10-16,7.17
2000-10-17,7.15
2000-10-18,7.15
2000-10-19,7.11
2000-10-20,7.08
2000-10-23,7.08
2000-10-24,7.08
2000-10-25,7.07
2000-10-26,7.04
2000-10-27,7
2000-10-30,7
2000-10-31,7.03
2000-11-01,7.02
2000-11-02,7.03
2000-11-03,7.03
2000-11-06,7.04
2000-11-07,7.04
2000-11-08,7.02
2000-11-09,6.95
2000-11-10,6.84
2000-11-13,6.83
2000-11-14,6.83
2000-11-15,6.86
2000-11-16,6.89
2000-11-17,6.89
2000-11-20,6.93
2000-11-21,7
2000-11-22,6.99
2000-11-23,7.03
2000-11-24,7.02
2000-11-27,7
2000-11-28,7
2000-11-29,7
2000-11-30,7
2000-12-01,6.89
2000-12-04,6.69
2000-12-05,6.64
2000-12-06,6.63
2000-12-07,6.64
2000-12-08,6.62
2000-12-11,6.62
2000-12-12,6.65
2000-12-13,6.65
2000-12-14,6.62
2000-12-15,6.62
2000-12-18,6.63
2000-12-19,6.63
2000-12-20,6.63
2000-12-21,6.64
2000-12-22,6.64
2000-12-26,6.66
2000-12-27,6.74
2000-12-28,6.7
2000-12-29,6.69
2001-01-02,6.68
2001-01-03,6.63
2001-01-04,6.38
2001-01-05,6.17
2001-01-08,6.09
2001-01-09,6.08
2001-01-10,6.08
2001-01-11,5.98
2001-01-12,5.95
2001-01-15,5.98
2001-01-16,5.93
2001-01-17,5.94
2001-01-18,5.93
2001-01-19,5.92
2001-01-22,5.92
2001-01-26,5.92
2001-01-29,5.87
2001-01-30,5.81
2001-01-31,5.71
2001-02-01,5.7
2001-02-02,5.62
2001-02-05,5.55
2001-02-06,5.5
2001-02-07,5.45
2001-02-08,5.45
2001-02-09,5.41
2001-02-12,5.21
2001-02-13,5.18
2001-02-14,5.2
2001-02-15,5.2
2001-02-16,5.29
2001-02-19,5.34
2001-02-20,5.36
2001-02-21,5.67
2001-02-22,5.76
2001-02-23,5.94
2001-02-26,5.85
2001-02-27,5.76
2001-02-28,5.64
2001-03-02,5.68
2001-03-05,5.7
2001-03-06,5.82
2001-03-07,5.93
2001-03-08,6.01
2001-03-09,5.86
2001-03-12,5.87
2001-03-13,5.83
2001-03-14,5.68
2001-03-15,5.59
2001-03-16,5.64
2001-03-19,5.69
2001-03-20,5.72
2001-03-21,5.8
2001-03-22,5.89
2001-03-23,5.83
2001-03-26,5.77
2001-03-27,5.75
2001-03-28,5.85
2001-03-29,5.99
2001-03-30,6.12
2001-04-02,6.29
2001-04-03,6.16
2001-04-04,6.32
2001-04-06,6.22
2001-04-09,6.18
2001-04-10,6.1
2001-04-11,6.08
2001-04-12,6.09
2001-04-13,6.09
2001-04-16,6.09
2001-04-17,6.08
2001-04-18,6.11
2001-04-19,6.12
2001-04-20,6.17
2001-04-23,6.25
2001-04-24,6.25
2001-04-25,6.28
2001-04-26,6.4
2001-04-27,6.36
2001-04-30,6.31
2001-05-02,6.19
2001-05-03,6.16
2001-05-04,6.14
2001-05-07,6.16
2001-05-08,6.16
2001-05-09,6.14
2001-05-10,6.15
2001-05-11,6.16
2001-05-14,6.19
2001-05-15,6.23
2001-05-16,6.23
2001-05-17,6.21
2001-05-18,6.16
2001-05-21,6.12
2001-05-22,6.1
2001-05-23,6.08
2001-05-24,6.03
2001-05-25,6.01
2001-05-28,5.91
2001-05-29,5.9
2001-05-30,5.84
2001-05-31,5.85
2001-06-01,5.84
2001-06-04,5.83
2001-06-05,5.89
2001-06-07,5.89
2001-06-08,5.8
2001-06-11,5.81
2001-06-12,5.84
2001-06-13,5.83
2001-06-14,5.83
2001-06-15,5.83
2001-06-18,5.86
2001-06-19,5.85
2001-06-20,5.78
2001-06-21,5.76
2001-06-22,5.76
2001-06-25,5.73
2001-06-26,5.76
2001-06-27,5.76
2001-06-28,5.72
2001-06-29,5.73
2001-07-02,5.74
2001-07-03,5.77
2001-07-04,5.74
2001-07-05,5.66
2001-07-06,5.61
2001-07-09,5.6
2001-07-10,5.6
2001-07-11,5.54
2001-07-12,5.51
2001-07-13,5.48
2001-07-16,5.45
2001-07-18,5.34
2001-07-19,5.27
2001-07-20,5.28
2001-07-23,5.31
2001-07-24,5.33
2001-07-25,5.33
2001-07-26,5.33
2001-07-27,5.35
2001-07-30,5.36
2001-07-31,5.34
2001-08-01,5.29
2001-08-02,5.26
2001-08-03,5.24
2001-08-06,5.24
2001-08-07,5.24
2001-08-08,5.22
2001-08-09,5.08
2001-08-10,4.94
2001-08-13,4.87
2001-08-14,4.92
2001-08-16,4.95
2001-08-17,4.91
2001-08-20,4.88
2001-08-21,4.9
2001-08-22,4.89
2001-08-23,4.95
2001-08-24,4.97
2001-08-27,5.06
2001-08-28,5.06
2001-08-29,5
2001-08-30,5.1
2001-08-31,5.1
2001-09-03,5
2001-09-04,4.99
2001-09-05,5.02
2001-09-06,5.01
2001-09-07,5.02
2001-09-10,5.01
2001-09-11,5.02
2001-09-12,4.97
2001-09-13,4.92
2001-09-14,4.88
2001-09-17,4.9
2001-09-18,4.85
2001-09-19,4.51
2001-09-20,4.47
2001-09-21,4.46
2001-09-24,4.43
2001-09-25,4.42
2001-09-26,4.4
2001-09-27,4.35
2001-09-28,4.27
2001-10-04,4.16
2001-10-05,4.18
2001-10-08,4.19
2001-10-09,4.15
2001-10-10,4.24
2001-10-11,4.52
2001-10-12,4.54
2001-10-15,4.45
2001-10-16,4.47
2001-10-17,4.51
2001-10-18,4.51
2001-10-19,4.47
2001-10-22,4.43
2001-10-23,4.46
2001-10-24,4.51
2001-10-25,4.52
2001-10-26,4.53
2001-10-29,4.53
2001-10-30,4.55
2001-10-31,4.54
2001-11-01,4.51
2001-11-02,4.53
2001-11-05,4.55
2001-11-06,4.51
2001-11-07,4.52
2001-11-08,4.52
2001-11-09,4.54
2001-11-12,4.55
2001-11-13,4.56
2001-11-14,4.75
2001-11-15,4.97
2001-11-16,5.02
2001-11-19,5.05
2001-11-20,4.99
2001-11-21,5.08
2001-11-22,5.26
2001-11-23,5.25
2001-11-26,5.35
2001-11-27,5.42
2001-11-28,5.19
2001-11-29,5.28
2001-11-30,5.19
2001-12-03,5.12
2001-12-04,5.18
2001-12-05,5.28
2001-12-06,5.5
2001-12-07,5.52
2001-12-10,5.58
2001-12-11,5.52
2001-12-12,5.47
2001-12-13,5.43
2001-12-14,5.34
2001-12-17,5.31
2001-12-18,5.23
2001-12-19,5.26
2001-12-20,5.3
2001-12-21,5.3
2001-12-24,5.3
2001-12-26,5.27
2001-12-27,5.3
2001-12-28,5.34
2001-12-31,5.34
2002-01-02,5.48
2002-01-03,5.45
2002-01-04,5.37
2002-01-07,5.34
2002-01-08,5.37
2002-01-09,5.38
2002-01-10,5.35
2002-01-11,5.22
2002-01-14,5.27
2002-01-15,5.21
2002-01-16,5.18
2002-01-17,5.15
2002-01-18,5.14
2002-01-21,5.12
2002-01-22,5.18
2002-01-23,5.16
2002-01-24,5.19
2002-01-25,5.1
2002-01-28,5.14
2002-01-29,5.11
2002-01-30,5.06
2002-01-31,5.06
2002-02-01,4.99
2002-02-04,5
2002-02-05,4.99
2002-02-06,4.99
2002-02-07,4.94
2002-02-08,4.97
2002-02-14,5.03
2002-02-15,5.01
2002-02-18,4.99
2002-02-19,4.97
2002-02-20,4.97
2002-02-21,4.95
2002-02-22,4.95
2002-02-25,4.92
2002-02-26,4.9
2002-02-27,4.91
2002-02-28,4.86
2002-03-04,4.96
2002-03-05,4.98
2002-03-06,5.05
2002-03-07,5.04
2002-03-08,5.09
2002-03-11,5.1
2002-03-12,5.13
2002-03-13,5.21
2002-03-14,5.24
2002-03-15,5.36
2002-03-18,5.33
2002-03-19,5.48
2002-03-20,5.44
2002-03-21,5.45
2002-03-22,5.44
2002-03-25,5.43
2002-03-26,5.48
2002-03-27,5.45
2002-03-28,5.4
2002-03-29,5.37
2002-04-01,5.42
2002-04-02,5.46
2002-04-03,5.46
2002-04-04,5.44
2002-04-08,5.43
2002-04-09,5.49
2002-04-10,5.46
2002-04-11,5.46
2002-04-12,5.44
2002-04-15,5.44
2002-04-16,5.45
2002-04-17,5.45
2002-04-18,5.42
2002-04-19,5.4
2002-04-22,5.41
2002-04-23,5.41
2002-04-24,5.4
2002-04-25,5.4
2002-04-26,5.37
2002-04-29,5.34
2002-04-30,5.34
2002-05-02,5.32
2002-05-03,5.3
2002-05-06,5.32
2002-05-07,5.44
2002-05-08,5.47
2002-05-09,5.51
2002-05-10,5.44
2002-05-13,5.42
2002-05-14,5.4
2002-05-15,5.45
2002-05-16,5.45
2002-05-17,5.45
2002-05-20,5.45
2002-05-21,5.44
2002-05-22,5.48
2002-05-23,5.46
2002-05-24,5.46
2002-05-27,5.46
2002-05-28,5.46
2002-05-29,5.43
2002-05-30,5.38
2002-05-31,5.38
2002-06-03,5.38
2002-06-04,5.36
2002-06-05,5.37
2002-06-07,5.36
2002-06-10,5.37
2002-06-11,5.43
2002-06-12,5.45
2002-06-14,5.45
2002-06-17,5.41
2002-06-18,5.39
2002-06-19,5.37
2002-06-20,5.37
2002-06-21,5.36
2002-06-24,5.35
2002-06-25,5.34
2002-06-26,5.33
2002-06-27,5.36
2002-06-28,5.39
2002-07-02,5.38
2002-07-03,5.4
2002-07-04,5.44
2002-07-05,5.49
2002-07-08,5.47
2002-07-09,5.48
2002-07-10,5.47
2002-07-11,5.42
2002-07-12,5.44
2002-07-15,5.41
2002-07-16,5.4
2002-07-18,5.36
2002-07-19,5.3
2002-07-22,5.17
2002-07-23,5.26
2002-07-24,5.2
2002-07-25,5.2
2002-07-26,5.17
2002-07-29,5.18
2002-07-30,5.21
2002-07-31,5.18
2002-08-01,5.16
2002-08-02,5.09
2002-08-05,5
2002-08-06,5.05
2002-08-07,5.03
2002-08-08,5.03
2002-08-09,5.02
2002-08-12,5.01
2002-08-13,5
2002-08-14,4.98
2002-08-16,4.99
2002-08-19,4.99
2002-08-20,5.02
2002-08-21,5.05
2002-08-22,5.05
2002-08-23,5.06
2002-08-26,5.09
2002-08-27,5.1
2002-08-28,5.09
2002-08-29,5.07
2002-08-30,5.03
2002-09-02,5.04
2002-09-03,5.01
2002-09-04,4.96
2002-09-05,4.96
2002-09-06,4.96
2002-09-09,4.98
2002-09-10,5.01
2002-09-11,5.05
2002-09-12,5.04
2002-09-13,5
2002-09-16,5.01
2002-09-17,5.1
2002-09-18,5.05
2002-09-19,5.05
2002-09-23,5.04
2002-09-24,5.05
2002-09-25,5.05
2002-09-26,5.05
2002-09-27,5.05
2002-09-30,5.05
2002-10-01,5.06
2002-10-02,5.06
2002-10-04,5.09
2002-10-07,5.09
2002-10-08,5.14
2002-10-09,5.14
2002-10-10,5.13
2002-10-11,5.13
2002-10-14,5.15
2002-10-15,5.17
2002-10-16,5.18
2002-10-17,5.22
2002-10-18,5.22
2002-10-21,5.19
2002-10-22,5.19
2002-10-23,5.18
2002-10-24,5.16
2002-10-25,5.15
2002-10-28,5.12
2002-10-29,5.1
2002-10-30,5.1
2002-10-31,5.09
2002-11-01,5.08
2002-11-04,5.1
2002-11-05,5.09
2002-11-06,5.1
2002-11-07,5.05
2002-11-08,5.03
2002-11-11,5.02
2002-11-12,5
2002-11-13,4.98
2002-11-14,4.99
2002-11-15,5.01
2002-11-18,5
2002-11-19,4.99
2002-11-20,5.01
2002-11-21,5.03
2002-11-22,5.05
2002-11-25,5.08
2002-11-26,5.06
2002-11-27,5.07
2002-11-28,5.08
2002-11-29,5.05
2002-12-02,5.06
2002-12-03,5.07
2002-12-04,5.06
2002-12-05,5.07
2002-12-06,5.07
2002-12-09,5.04
2002-12-10,5.04
2002-12-11,5.03
2002-12-12,5.03
2002-12-13,5.02
2002-12-16,5.02
2002-12-17,5.03
2002-12-18,5.02
2002-12-20,5
2002-12-23,5
2002-12-24,5.01
2002-12-26,5
2002-12-27,5
2002-12-30,4.98
2002-12-31,4.98
2003-01-02,4.97
2003-01-03,4.98
2003-01-06,4.97
2003-01-07,4.94
2003-01-08,4.91
2003-01-09,4.89
2003-01-10,4.82
2003-01-13,4.83
2003-01-14,4.78
2003-01-15,4.75
2003-01-16,4.74
2003-01-17,4.74
2003-01-20,4.74
2003-01-21,4.71
2003-01-22,4.68
2003-01-23,4.71
2003-01-24,4.72
2003-01-27,4.71
2003-01-28,4.68
2003-01-29,4.64
2003-01-30,4.65
2003-02-03,4.66
2003-02-04,4.64
2003-02-05,4.64
2003-02-06,4.61
2003-02-07,4.6
2003-02-10,4.6
2003-02-11,4.65
2003-02-12,4.67
2003-02-13,4.66
2003-02-14,4.66
2003-02-17,4.7
2003-02-18,4.69
2003-02-19,4.66
2003-02-20,4.67
2003-02-21,4.62
2003-02-24,4.61
2003-02-25,4.59
2003-02-26,4.56
2003-02-27,4.56
2003-02-28,4.57
2003-03-03,4.57
2003-03-04,4.52
2003-03-05,4.52
2003-03-06,4.52
2003-03-07,4.54
2003-03-10,4.55
2003-03-11,4.57
2003-03-12,5.16
2003-03-13,5.17
2003-03-14,5.05
2003-03-17,5.07
2003-03-18,4.98
2003-03-19,4.82
2003-03-20,4.78
2003-03-21,4.66
2003-03-24,4.66
2003-03-25,4.62
2003-03-26,4.57
2003-03-27,4.56
2003-03-28,4.61
2003-03-31,4.6
2003-04-01,4.6
2003-04-02,4.62
2003-04-03,4.6
2003-04-04,4.6
2003-04-07,4.63
2003-04-08,4.66
2003-04-09,4.68
2003-04-10,4.63
2003-04-11,4.61
2003-04-14,4.62
2003-04-15,4.62
2003-04-16,4.63
2003-04-17,4.63
2003-04-18,4.63
2003-04-21,4.64
2003-04-22,4.62
2003-04-23,4.6
2003-04-24,4.58
2003-04-25,4.56
2003-04-28,4.52
2003-04-29,4.52
2003-04-30,4.45
2003-05-02,4.39
2003-05-06,4.39
2003-05-07,4.38
2003-05-09,4.38
2003-05-12,4.4
2003-05-13,4.35
2003-05-14,4.29
2003-05-15,4.27
2003-05-16,4.27
2003-05-19,4.24
2003-05-20,4.29
2003-05-21,4.26
2003-05-22,4.29
2003-05-23,4.29
2003-05-26,4.31
2003-05-27,4.28
2003-05-28,4.26
2003-05-29,4.21
2003-05-30,4.21
2003-06-02,4.23
2003-06-03,4.21
2003-06-04,4.2
2003-06-05,4.19
2003-06-09,4.19
2003-06-10,4.19
2003-06-11,4.19
2003-06-12,4.21
2003-06-13,4.22
2003-06-16,4.2
2003-06-17,4.24
2003-06-18,4.24
2003-06-19,4.29
2003-06-20,4.36
2003-06-23,4.4
2003-06-24,4.38
2003-06-25,4.39
2003-06-26,4.41
2003-06-27,4.46
2003-06-30,4.46
2003-07-01,4.45
2003-07-02,4.4
2003-07-03,4.39
2003-07-04,4.46
2003-07-07,4.46
2003-07-08,4.46
2003-07-09,4.43
2003-07-10,4.25
2003-07-11,4.17
2003-07-14,4.21
2003-07-15,4.25
2003-07-16,4.27
2003-07-18,4.19
2003-07-21,4.15
2003-07-22,4.16
2003-07-23,4.14
2003-07-24,4.15
2003-07-25,4.16
2003-07-28,4.2
2003-07-29,4.22
2003-07-30,4.16
2003-07-31,4.16
2003-08-01,4.18
2003-08-04,4.14
2003-08-05,4.14
2003-08-06,4.13
2003-08-07,4.12
2003-08-08,4.11
2003-08-11,4.13
2003-08-12,4.15
2003-08-13,4.15
2003-08-14,4.18
2003-08-18,4.19
2003-08-19,4.18
2003-08-20,4.17
2003-08-21,4.17
2003-08-22,4.17
2003-08-25,4.15
2003-08-26,4.15
2003-08-27,4.15
2003-08-28,4.14
2003-08-29,4.13
2003-09-01,4.12
2003-09-02,4.13
2003-09-03,4.12
2003-09-04,4.11
2003-09-05,4.1
2003-09-08,4.07
2003-09-09,4.1
2003-09-15,4.06
2003-09-16,4.06
2003-09-17,4.04
2003-09-18,4.04
2003-09-19,4.02
2003-09-22,4.02
2003-09-23,4.01
2003-09-24,4.01
2003-09-25,4.08
2003-09-26,4.07
2003-09-29,4.05
2003-09-30,4.05
2003-10-01,4
2003-10-02,4
2003-10-06,4.02
2003-10-07,4.02
2003-10-08,4.03
2003-10-09,4.02
2003-10-10,4.03
2003-10-13,4.02
2003-10-14,4.05
2003-10-15,4.05
2003-10-16,4.1
2003-10-17,4.11
2003-10-20,4.16
2003-10-21,4.16
2003-10-22,4.16
2003-10-23,4.15
2003-10-24,4.18
2003-10-27,4.2
2003-10-28,4.2
2003-10-29,4.19
2003-10-30,4.24
2003-10-31,4.24
2003-11-03,4.28
2003-11-04,4.33
2003-11-05,4.36
2003-11-06,4.36
2003-11-07,4.39
2003-11-10,4.37
2003-11-11,4.39
2003-11-12,4.48
2003-11-13,4.52
2003-11-14,4.52
2003-11-17,4.5
2003-11-18,4.56
2003-11-19,4.55
2003-11-20,4.53
2003-11-21,4.51
2003-11-24,4.52
2003-11-25,4.52
2003-11-26,4.52
2003-11-27,4.54
2003-11-28,4.59
2003-12-01,4.68
2003-12-02,4.68
2003-12-03,4.71
2003-12-04,4.71
2003-12-05,4.69
2003-12-08,4.69
2003-12-09,4.75
2003-12-10,4.75
2003-12-11,4.72
2003-12-12,4.7
2003-12-15,4.73
2003-12-16,4.66
2003-12-17,4.66
2003-12-18,4.66
2003-12-19,4.63
2003-12-22,4.63
2003-12-23,4.63
2003-12-24,4.62
2003-12-26,4.6
2003-12-29,4.6
2003-12-30,4.64
2003-12-31,4.65
2004-01-02,4.64
2004-01-05,4.66
2004-01-06,4.66
2004-01-07,4.66
2004-01-08,4.66
2004-01-09,4.67
2004-01-12,4.63
2004-01-13,4.58
2004-01-14,4.57
2004-01-15,4.56
2004-01-16,4.57
2004-01-19,4.6
2004-01-20,4.6
2004-01-26,4.6
2004-01-27,4.56
2004-01-28,4.52
2004-01-29,4.53
2004-01-30,4.51
2004-02-02,4.49
2004-02-03,4.47
2004-02-04,4.47
2004-02-05,4.47
2004-02-06,4.48
2004-02-09,4.47
2004-02-10,4.46
2004-02-11,4.45
2004-02-12,4.43
2004-02-13,4.42
2004-02-16,4.39
2004-02-17,4.36
2004-02-18,4.35
2004-02-19,4.35
2004-02-20,4.35
2004-02-23,4.38
2004-02-24,4.4
2004-02-25,4.39
2004-02-26,4.39
2004-02-27,4.4
2004-03-02,4.38
2004-03-03,4.38
2004-03-04,4.36
2004-03-05,4.34
2004-03-08,4.26
2004-03-09,4.26
2004-03-10,4.26
2004-03-11,4.25
2004-03-12,4.25
2004-03-15,4.25
2004-03-16,4.26
2004-03-17,4.26
2004-03-18,4.25
2004-03-19,4.25
2004-03-22,4.24
2004-03-23,4.19
2004-03-24,4.18
2004-03-25,4.17
2004-03-26,4.2
2004-03-29,4.2
2004-03-30,4.19
2004-03-31,4.17
2004-04-01,4.13
2004-04-02,4.13
2004-04-06,4.29
2004-04-07,4.22
2004-04-08,4.17
2004-04-09,4.13
2004-04-12,4.13
2004-04-13,4.13
2004-04-14,4.16
2004-04-16,4.14
2004-04-19,4.13
2004-04-20,4.13
2004-04-21,4.15
2004-04-22,4.14
2004-04-23,4.12
2004-04-26,4.11
2004-04-27,4.1
2004-04-28,4.09
2004-04-29,4.09
2004-04-30,4.07
2004-05-03,4.09
2004-05-04,4.09
2004-05-06,4.07
2004-05-07,4.07
2004-05-10,4.07
2004-05-11,4.09
2004-05-12,4.09
2004-05-13,4.09
2004-05-14,4.09
2004-05-17,4.09
2004-05-18,4.09
2004-05-19,4.09
2004-05-20,4.09
2004-05-21,4.07
2004-05-24,4.06
2004-05-25,4.04
2004-05-27,4.03
2004-05-28,4.02
2004-05-31,4.03
2004-06-01,4.05
2004-06-02,4.05
2004-06-03,4.03
2004-06-04,4.04
2004-06-07,4.06
2004-06-08,4.08
2004-06-09,4.09
2004-06-10,4.09
2004-06-11,4.09
2004-06-14,4.12
2004-06-15,4.15
2004-06-16,4.15
2004-06-17,4.19
2004-06-18,4.2
2004-06-21,4.19
2004-06-22,4.18
2004-06-23,4.17
2004-06-24,4.17
2004-06-25,4.17
2004-06-28,4.16
2004-06-29,4.16
2004-06-30,4.14
2004-07-01,4.12
2004-07-02,4.12
2004-07-05,4.09
2004-07-06,4.09
2004-07-07,4.08
2004-07-08,4.09
2004-07-09,4.09
2004-07-12,4.09
2004-07-13,4.09
2004-07-14,4.08
2004-07-15,4.07
2004-07-16,4.07
2004-07-19,4.05
2004-07-20,4.05
2004-07-21,4.05
2004-07-22,4.05
2004-07-23,4.03
2004-07-26,4.02
2004-07-27,4.01
2004-07-28,4
2004-07-29,4
2004-07-30,3.99
2004-08-02,3.98
2004-08-03,3.98
2004-08-04,3.97
2004-08-05,3.98
2004-08-06,3.98
2004-08-09,3.97
2004-08-10,3.95
2004-08-11,3.95
2004-08-12,3.76
2004-08-13,3.68
2004-08-16,3.67
2004-08-17,3.64
2004-08-18,3.6
2004-08-19,3.58
2004-08-20,3.58
2004-08-23,3.59
2004-08-24,3.58
2004-08-25,3.56
2004-08-26,3.55
2004-08-27,3.52
2004-08-30,3.5
2004-08-31,3.5
2004-09-01,3.51
2004-09-02,3.52
2004-09-03,3.52
2004-09-06,3.52
2004-09-07,3.52
2004-09-08,3.49
2004-09-09,3.5
2004-09-10,3.5
2004-09-13,3.51
2004-09-14,3.51
2004-09-15,3.51
2004-09-16,3.5
2004-09-17,3.5
2004-09-20,3.49
2004-09-21,3.49
2004-09-22,3.49
2004-09-23,3.5
2004-09-24,3.5
2004-09-30,3.49
2004-10-01,3.48
2004-10-04,3.41
2004-10-05,3.35
2004-10-06,3.37
2004-10-07,3.53
2004-10-08,3.56
2004-10-11,3.54
2004-10-12,3.53
2004-10-13,3.52
2004-10-14,3.5
2004-10-15,3.5
2004-10-18,3.5
2004-10-19,3.5
2004-10-20,3.5
2004-10-21,3.49
2004-10-22,3.48
2004-10-25,3.47
2004-10-26,3.45
2004-10-27,3.45
2004-10-28,3.45
2004-10-29,3.41
2004-11-01,3.42
2004-11-02,3.43
2004-11-03,3.46
2004-11-04,3.45
2004-11-05,3.46
2004-11-08,3.45
2004-11-09,3.45
2004-11-10,3.48
2004-11-11,3.29
2004-11-12,3.29
2004-11-15,3.3
2004-11-16,3.29
2004-11-17,3.28
2004-11-18,3.29
2004-11-19,3.27
2004-11-22,3.27
2004-11-23,3.27
2004-11-24,3.28
2004-11-25,3.28
2004-11-26,3.28
2004-11-29,3.29
2004-11-30,3.29
2004-12-01,3.27
2004-12-02,3.27
2004-12-03,3.27
2004-12-06,3.26
2004-12-07,3.24
2004-12-08,3.24
2004-12-09,3.26
2004-12-10,3.27
2004-12-13,3.27
2004-12-14,3.27
2004-12-15,3.27
2004-12-16,3.27
2004-12-17,3.27
2004-12-20,3.28
2004-12-21,3.28
2004-12-22,3.29
2004-12-23,3.29
2004-12-24,3.29
2004-12-27,3.3
2004-12-28,3.31
2004-12-29,3.3
2004-12-30,3.31
2004-12-31,3.31
2005-01-03,3.35
2005-01-04,3.35
2005-01-05,3.33
2005-01-06,3.33
2005-01-07,3.33
2005-01-10,3.31
2005-01-11,3.33
2005-01-12,3.33
2005-01-13,3.4
2005-01-14,3.47
2005-01-17,3.5
2005-01-18,3.48
2005-01-19,3.48
2005-01-20,3.5
2005-01-21,3.63
2005-01-24,3.64
2005-01-25,3.64
2005-01-26,3.64
2005-01-27,3.64
2005-01-28,3.69
2005-01-31,3.76
2005-02-01,3.75
2005-02-02,3.76
2005-02-03,3.78
2005-02-04,3.84
2005-02-07,3.9
2005-02-11,4
2005-02-14,3.98
2005-02-15,3.93
2005-02-16,3.87
2005-02-17,3.89
2005-02-18,3.85
2005-02-21,3.86
2005-02-22,3.88
2005-02-23,3.87
2005-02-24,3.85
2005-02-25,3.81
2005-02-28,3.79
2005-03-02,3.81
2005-03-03,3.81
2005-03-04,3.85
2005-03-07,3.85
2005-03-08,3.84
2005-03-09,3.84
2005-03-10,3.82
2005-03-11,3.82
2005-03-14,3.81
2005-03-15,3.81
2005-03-16,3.81
2005-03-17,3.81
2005-03-18,3.8
2005-03-21,3.81
2005-03-22,3.81
2005-03-23,3.83
2005-03-24,3.84
2005-03-25,3.86
2005-03-28,3.85
2005-03-29,3.79
2005-03-30,3.78
2005-03-31,3.78
2005-04-01,3.78
2005-04-04,3.78
2005-04-06,3.78
2005-04-07,3.75
2005-04-08,3.74
2005-04-11,3.74
2005-04-12,3.76
2005-04-13,3.75
2005-04-14,3.74
2005-04-15,3.71
2005-04-18,3.7
2005-04-19,3.7
2005-04-20,3.68
2005-04-21,3.68
2005-04-22,3.68
2005-04-25,3.67
2005-04-26,3.67
2005-04-27,3.67
2005-04-28,3.67
2005-04-29,3.64
2005-05-02,3.64
2005-05-03,3.63
2005-05-04,3.64
2005-05-06,3.64
2005-05-09,3.64
2005-05-10,3.64
2005-05-11,3.64
2005-05-12,3.62
2005-05-13,3.6
2005-05-16,3.58
2005-05-17,3.58
2005-05-18,3.57
2005-05-19,3.56
2005-05-20,3.57
2005-05-23,3.58
2005-05-24,3.57
2005-05-25,3.56
2005-05-26,3.55
2005-05-27,3.59
2005-05-30,3.59
2005-05-31,3.57
2005-06-01,3.56
2005-06-02,3.55
2005-06-03,3.55
2005-06-07,3.57
2005-06-08,3.57
2005-06-09,3.57
2005-06-10,3.58
2005-06-13,3.67
2005-06-14,3.67
2005-06-15,3.72
2005-06-16,3.7
2005-06-17,3.7
2005-06-20,3.68
2005-06-21,3.69
2005-06-22,3.74
2005-06-23,3.74
2005-06-24,3.7
2005-06-27,3.68
2005-06-28,3.68
2005-06-29,3.73
2005-06-30,3.81
2005-07-01,3.76
2005-07-04,3.81
2005-07-05,3.79
2005-07-06,3.77
2005-07-07,3.77
2005-07-08,3.76
2005-07-11,3.77
2005-07-12,3.77
2005-07-13,3.79
2005-07-14,3.79
2005-07-15,3.79
2005-07-18,3.78
2005-07-19,3.79
2005-07-20,3.78
2005-07-21,3.73
2005-07-22,3.7
2005-07-25,3.71
2005-07-26,3.76
2005-07-27,3.77
2005-07-28,3.79
2005-07-29,3.79
2005-08-01,3.86
2005-08-02,3.84
2005-08-03,3.85
2005-08-04,3.85
2005-08-05,3.87
2005-08-08,3.87
2005-08-09,3.9
2005-08-10,3.89
2005-08-11,3.88
2005-08-12,3.86
2005-08-16,3.84
2005-08-17,3.84
2005-08-18,3.84
2005-08-19,3.83
2005-08-22,3.85
2005-08-23,3.92
2005-08-24,3.92
2005-08-25,3.93
2005-08-26,3.93
2005-08-29,3.93
2005-08-30,3.93
2005-08-31,3.92
2005-09-01,3.92
2005-09-02,3.91
2005-09-05,3.9
2005-09-06,3.92
2005-09-07,3.94
2005-09-08,4.05
2005-09-09,4.1
2005-09-12,4.09
2005-09-13,4.12
2005-09-14,4.13
2005-09-15,4.16
2005-09-16,4.26
2005-09-20,4.29
2005-09-21,4.29
2005-09-22,4.32
2005-09-23,4.37
2005-09-26,4.46
2005-09-27,4.5
2005-09-28,4.42
2005-09-29,4.41
2005-09-30,4.39
2005-10-04,4.47
2005-10-05,4.47
2005-10-06,4.41
2005-10-07,4.4
2005-10-10,4.41
2005-10-11,4.39
2005-10-12,4.4
2005-10-13,4.41
2005-10-14,4.44
2005-10-17,4.46
2005-10-18,4.46
2005-10-19,4.41
2005-10-20,4.41
2005-10-21,4.42
2005-10-24,4.44
2005-10-25,4.46
2005-10-26,4.46
2005-10-27,4.49
2005-10-28,4.47
2005-10-31,4.47
2005-11-01,4.46
2005-11-02,4.49
2005-11-03,4.52
2005-11-04,4.53
2005-11-07,4.54
2005-11-08,4.56
2005-11-09,4.56
2005-11-10,4.58
2005-11-11,4.58
2005-11-14,4.58
2005-11-15,4.61
2005-11-16,4.61
2005-11-17,4.61
2005-11-18,4.6
2005-11-21,4.61
2005-11-22,4.6
2005-11-23,4.59
2005-11-24,4.58
2005-11-25,4.58
2005-11-28,4.58
2005-11-29,4.59
2005-11-30,4.62
2005-12-01,4.64
2005-12-02,4.66
2005-12-05,4.7
2005-12-06,4.71
2005-12-07,4.71
2005-12-08,4.69
2005-12-09,4.65
2005-12-12,4.67
2005-12-13,4.67
2005-12-14,4.65
2005-12-15,4.65
2005-12-16,4.66
2005-12-19,4.64
2005-12-20,4.64
2005-12-21,4.66
2005-12-22,4.67
2005-12-23,4.68
2005-12-26,4.68
2005-12-27,4.69
2005-12-28,4.67
2005-12-29,4.7
2005-12-30,4.7
2006-01-02,4.72
2006-01-03,4.67
2006-01-04,4.64
2006-01-05,4.65
2006-01-06,4.64
2006-01-09,4.62
2006-01-10,4.64
2006-01-11,4.64
2006-01-12,4.61
2006-01-13,4.6
2006-01-16,4.62
2006-01-17,4.62
2006-01-18,4.6
2006-01-19,4.6
2006-01-20,4.59
2006-01-23,4.59
2006-01-24,4.61
2006-01-25,4.6
2006-01-26,4.6
2006-01-27,4.6
2006-01-31,4.6
2006-02-01,4.6
2006-02-02,4.6
2006-02-03,4.62
2006-02-06,4.62
2006-02-07,4.63
2006-02-08,4.63
2006-02-09,4.57
2006-02-10,4.57
2006-02-13,4.57
2006-02-14,4.55
2006-02-15,4.54
2006-02-16,4.54
2006-02-17,4.54
2006-02-20,4.54
2006-02-21,4.54
2006-02-22,4.54
2006-02-23,4.54
2006-02-24,4.54
2006-02-27,4.55
2006-02-28,4.56
2006-03-02,4.57
2006-03-03,4.58
2006-03-06,4.6
2006-03-07,4.64
2006-03-08,4.61
2006-03-09,4.58
2006-03-10,4.56
2006-03-13,4.58
2006-03-14,4.57
2006-03-15,4.56
2006-03-16,4.57
2006-03-17,4.55
2006-03-20,4.55
2006-03-21,4.56
2006-03-22,4.56
2006-03-23,4.56
2006-03-24,4.57
2006-03-27,4.57
2006-03-28,4.56
2006-03-29,4.56
2006-03-30,4.56
2006-03-31,4.56
2006-04-03,4.59
2006-04-04,4.6
2006-04-05,4.6
2006-04-06,4.6
2006-04-07,4.58
2006-04-10,4.61
2006-04-11,4.61
2006-04-12,4.61
2006-04-13,4.63
2006-04-14,4.64
2006-04-17,4.64
2006-04-18,4.64
2006-04-19,4.63
2006-04-20,4.63
2006-04-21,4.61
2006-04-24,4.61
2006-04-25,4.62
2006-04-26,4.62
2006-04-27,4.62
2006-04-28,4.6
2006-05-02,4.6
2006-05-03,4.61
2006-05-04,4.61
2006-05-08,4.61
2006-05-09,4.61
2006-05-10,4.62
2006-05-11,4.59
2006-05-12,4.59
2006-05-15,4.61
2006-05-16,4.61
2006-05-17,4.59
2006-05-18,4.58
2006-05-19,4.55
2006-05-22,4.56
2006-05-23,4.58
2006-05-24,4.57
2006-05-25,4.57
2006-05-26,4.58
2006-05-29,4.57
2006-05-30,4.55
2006-06-01,4.55
2006-06-02,4.56
2006-06-05,4.55
2006-06-07,4.57
2006-06-08,4.6
2006-06-09,4.62
2006-06-12,4.63
2006-06-13,4.63
2006-06-14,4.64
2006-06-15,4.67
2006-06-16,4.68
2006-06-19,4.72
2006-06-20,4.74
2006-06-21,4.75
2006-06-22,4.77
2006-06-23,4.83
2006-06-26,4.84
2006-06-27,4.87
2006-06-28,4.88
2006-06-29,4.87
2006-06-30,4.82
2006-07-03,4.82
2006-07-04,4.81
2006-07-05,4.79
2006-07-06,4.79
2006-07-07,4.83
2006-07-10,4.84
2006-07-11,4.83
2006-07-12,4.84
2006-07-13,4.83
2006-07-14,4.83
2006-07-18,4.81
2006-07-19,4.82
2006-07-20,4.8
2006-07-21,4.8
2006-07-24,4.81
2006-07-25,4.83
2006-07-26,4.82
2006-07-27,4.81
2006-07-28,4.81
2006-07-31,4.79
2006-08-01,4.78
2006-08-02,4.79
2006-08-03,4.79
2006-08-04,4.79
2006-08-07,4.78
2006-08-08,4.76
2006-08-09,4.74
2006-08-10,4.78
2006-08-11,4.75
2006-08-14,4.78
2006-08-16,4.78
2006-08-17,4.76
2006-08-18,4.76
2006-08-21,4.76
2006-08-22,4.75
2006-08-23,4.74
2006-08-24,4.75
2006-08-25,4.75
2006-08-28,4.75
2006-08-29,4.75
2006-08-30,4.75
2006-08-31,4.75
2006-09-01,4.73
2006-09-04,4.72
2006-09-05,4.72
2006-09-06,4.73
2006-09-07,4.71
2006-09-08,4.71
2006-09-11,4.71
2006-09-12,4.71
2006-09-13,4.7
2006-09-14,4.7
2006-09-15,4.69
2006-09-18,4.69
2006-09-19,4.69
2006-09-20,4.66
2006-09-21,4.66
2006-09-22,4.64
2006-09-25,4.65
2006-09-26,4.64
2006-09-27,4.64
2006-09-28,4.64
2006-09-29,4.61
2006-10-02,4.63
2006-10-04,4.63
2006-10-09,4.63
2006-10-10,4.63
2006-10-11,4.64
2006-10-12,4.64
2006-10-13,4.64
2006-10-16,4.64
2006-10-17,4.63
2006-10-18,4.63
2006-10-19,4.61
2006-10-20,4.61
2006-10-23,4.62
2006-10-24,4.65
2006-10-25,4.65
2006-10-26,4.63
2006-10-27,4.64
2006-10-30,4.66
2006-10-31,4.67
2006-11-01,4.65
2006-11-02,4.63
2006-11-03,4.63
2006-11-06,4.67
2006-11-07,4.67
2006-11-08,4.7
2006-11-09,4.67
2006-11-10,4.66
2006-11-13,4.67
2006-11-14,4.69
2006-11-15,4.69
2006-11-16,4.69
2006-11-17,4.69
2006-11-20,4.69
2006-11-21,4.71
2006-11-22,4.71
2006-11-23,4.74
2006-11-24,4.74
2006-11-27,4.74
2006-11-28,4.77
2006-11-29,4.8
2006-11-30,4.82
2006-12-01,4.82
2006-12-04,4.81
2006-12-05,4.8
2006-12-06,4.79
2006-12-07,4.79
2006-12-08,4.8
2006-12-11,4.81
2006-12-12,4.8
2006-12-13,4.8
2006-12-14,4.83
2006-12-15,4.83
2006-12-18,4.84
2006-12-19,4.84
2006-12-20,4.86
2006-12-21,4.86
2006-12-22,4.88
2006-12-26,4.95
2006-12-27,4.95
2006-12-28,4.95
2006-12-29,4.95
2007-01-02,4.96
2007-01-03,4.94
2007-01-04,4.95
2007-01-05,4.93
2007-01-08,4.93
2007-01-09,4.93
2007-01-10,4.93
2007-01-11,4.95
2007-01-12,4.98
2007-01-15,4.99
2007-01-16,4.99
2007-01-17,4.99
2007-01-18,5
2007-01-19,4.98
2007-01-22,4.99
2007-01-23,5
2007-01-24,5.03
2007-01-25,5.03
2007-01-26,5.05
2007-01-29,5.04
2007-01-30,5.03
2007-01-31,5.02
2007-02-01,4.98
2007-02-02,5.01
2007-02-05,5.01
2007-02-06,5
2007-02-07,4.97
2007-02-08,4.96
2007-02-09,4.96
2007-02-12,4.96
2007-02-13,4.97
2007-02-14,4.96
2007-02-15,4.93
2007-02-16,4.93
2007-02-20,4.95
2007-02-21,4.94
2007-02-22,4.93
2007-02-23,4.93
2007-02-26,4.92
2007-02-27,4.94
2007-02-28,4.94
2007-03-02,4.94
2007-03-05,4.91
2007-03-06,4.91
2007-03-07,4.89
2007-03-08,4.89
2007-03-09,4.89
2007-03-12,4.91
2007-03-13,4.92
2007-03-14,4.89
2007-03-15,4.9
2007-03-16,4.88
2007-03-19,4.89
2007-03-20,4.89
2007-03-21,4.89
2007-03-22,4.88
2007-03-23,4.88
2007-03-26,4.88
2007-03-27,4.87
2007-03-28,4.86
2007-03-29,4.87
2007-03-30,4.87
2007-04-02,4.88
2007-04-03,4.89
2007-04-04,4.9
2007-04-05,4.9
2007-04-06,4.91
2007-04-09,4.95
2007-04-10,4.95
2007-04-11,4.96
2007-04-12,4.96
2007-04-13,4.97
2007-04-16,4.98
2007-04-17,4.97
2007-04-18,4.96
2007-04-19,4.96
2007-04-20,5.02
2007-04-23,5
2007-04-24,5
2007-04-25,5.01
2007-04-26,5.03
2007-04-27,5.05
2007-04-30,5.08
2007-05-02,5.07
2007-05-03,5.06
2007-05-04,5.06
2007-05-07,5.08
2007-05-08,5.1
2007-05-09,5.11
2007-05-10,5.12
2007-05-11,5.12
2007-05-14,5.12
2007-05-15,5.12
2007-05-16,5.12
2007-05-17,5.14
2007-05-18,5.16
2007-05-21,5.16
2007-05-22,5.15
2007-05-23,5.14
2007-05-25,5.13
2007-05-28,5.12
2007-05-29,5.1
2007-05-30,5.1
2007-05-31,5.09
2007-06-01,5.08
2007-06-04,5.08
2007-06-05,5.09
2007-06-07,5.11
2007-06-08,5.15
2007-06-11,5.16
2007-06-12,5.17
2007-06-13,5.16
2007-06-14,5.15
2007-06-15,5.15
2007-06-18,5.15
2007-06-19,5.15
2007-06-20,5.16
2007-06-21,5.2
2007-06-22,5.19
2007-06-25,5.18
2007-06-26,5.19
2007-06-27,5.17
2007-06-28,5.17
2007-06-29,5.19
2007-07-02,5.21
2007-07-03,5.22
2007-07-04,5.24
2007-07-05,5.27
2007-07-06,5.27
2007-07-09,5.27
2007-07-10,5.27
2007-07-11,5.26
2007-07-12,5.3
2007-07-13,5.34
2007-07-16,5.35
2007-07-18,5.34
2007-07-19,5.34
2007-07-20,5.34
2007-07-23,5.33
2007-07-24,5.34
2007-07-25,5.31
2007-07-26,5.29
2007-07-27,5.26
2007-07-30,5.27
2007-07-31,5.25
2007-08-01,5.22
2007-08-02,5.23
2007-08-03,5.23
2007-08-06,5.23
2007-08-07,5.24
2007-08-08,5.26
2007-08-09,5.3
2007-08-10,5.28
2007-08-13,5.29
2007-08-14,5.3
2007-08-16,5.28
2007-08-17,5.28
2007-08-20,5.3
2007-08-21,5.3
2007-08-22,5.31
2007-08-23,5.32
2007-08-24,5.32
2007-08-27,5.33
2007-08-28,5.35
2007-08-29,5.37
2007-08-30,5.36
2007-08-31,5.39
2007-09-03,5.4
2007-09-04,5.4
2007-09-05,5.4
2007-09-06,5.4
2007-09-07,5.39
2007-09-10,5.37
2007-09-11,5.39
2007-09-12,5.38
2007-09-13,5.38
2007-09-14,5.39
2007-09-17,5.39
2007-09-18,5.39
2007-09-19,5.39
2007-09-20,5.39
2007-09-21,5.39
2007-09-27,5.41
2007-09-28,5.41
2007-10-01,5.41
2007-10-02,5.4
2007-10-04,5.38
2007-10-05,5.37
2007-10-08,5.37
2007-10-09,5.37
2007-10-10,5.37
2007-10-11,5.37
2007-10-12,5.37
2007-10-15,5.37
2007-10-16,5.35
2007-10-17,5.34
2007-10-18,5.34
2007-10-19,5.32
2007-10-22,5.3
2007-10-23,5.31
2007-10-24,5.28
2007-10-25,5.29
2007-10-26,5.29
2007-10-29,5.3
2007-10-30,5.31
2007-10-31,5.32
2007-11-01,5.33
2007-11-02,5.31
2007-11-05,5.31
2007-11-06,5.31
2007-11-07,5.3
2007-11-08,5.28
2007-11-09,5.29
2007-11-12,5.3
2007-11-13,5.3
2007-11-14,5.31
2007-11-15,5.32
2007-11-16,5.33
2007-11-19,5.35
2007-11-20,5.36
2007-11-21,5.41
2007-11-22,5.41
2007-11-23,5.4
2007-11-26,5.41
2007-11-27,5.43
2007-11-28,5.51
2007-11-29,5.57
2007-11-30,5.48
2007-12-03,5.48
2007-12-04,5.5
2007-12-05,5.55
2007-12-06,5.55
2007-12-07,5.61
2007-12-10,5.61
2007-12-11,5.61
2007-12-12,5.61
2007-12-13,5.59
2007-12-14,5.59
2007-12-17,5.59
2007-12-18,5.59
2007-12-20,5.6
2007-12-21,5.65
2007-12-24,5.68
2007-12-26,5.67
2007-12-27,5.67
2007-12-28,5.67
2007-12-31,5.67
2008-01-02,5.77
2008-01-03,5.77
2008-01-04,5.76
2008-01-07,5.76
2008-01-08,5.77
2008-01-09,5.74
2008-01-10,5.7
2008-01-11,5.55
2008-01-14,5.55
2008-01-15,5.51
2008-01-16,5.48
2008-01-17,5.5
2008-01-18,5.46
2008-01-21,5.45
2008-01-22,5.42
2008-01-23,5.23
2008-01-24,5.17
2008-01-25,5.21
2008-01-28,5.15
2008-01-29,5.15
2008-01-30,5.12
2008-01-31,5.06
2008-02-01,5.06
2008-02-04,5.11
2008-02-05,5.07
2008-02-11,5.06
2008-02-12,5.05
2008-02-13,5
2008-02-14,4.99
2008-02-15,4.98
2008-02-18,4.95
2008-02-19,4.97
2008-02-20,4.96
2008-02-21,5
2008-02-22,4.98
2008-02-25,5
2008-02-26,5.01
2008-02-27,4.98
2008-02-28,4.97
2008-02-29,4.93
2008-03-03,4.91
2008-03-04,4.92
2008-03-05,4.9
2008-03-06,4.92
2008-03-07,4.93
2008-03-10,4.99
2008-03-11,5
2008-03-12,5
2008-03-13,5.06
2008-03-14,5.06
2008-03-17,5.11
2008-03-18,5.04
2008-03-19,5.11
2008-03-20,5.09
2008-03-21,5.08
2008-03-24,5.15
2008-03-25,5.15
2008-03-26,5.16
2008-03-27,5.13
2008-03-28,5.13
2008-03-31,5.11
2008-04-01,5.13
2008-04-02,5.13
2008-04-03,5.15
2008-04-04,5.15
2008-04-07,5.15
2008-04-08,5.11
2008-04-10,5.03
2008-04-11,5.04
2008-04-14,5.05
2008-04-15,5.03
2008-04-16,5.03
2008-04-17,5.03
2008-04-18,5.05
2008-04-21,5.05
2008-04-22,5.03
2008-04-23,5.04
2008-04-24,5.03
2008-04-25,5.01
2008-04-28,5
2008-04-29,4.99
2008-04-30,4.95
2008-05-02,4.95
2008-05-06,4.93
2008-05-07,4.96
2008-05-08,5.12
2008-05-09,5.12
2008-05-13,5.16
2008-05-14,5.15
2008-05-15,5.15
2008-05-16,5.13
2008-05-19,5.19
2008-05-20,5.08
2008-05-21,5.1
2008-05-22,5.06
2008-05-23,5.07
2008-05-26,5.04
2008-05-27,5.01
2008-05-28,5.01
2008-05-29,5.05
2008-05-30,5.07
2008-06-02,5.12
2008-06-03,5.12
2008-06-04,5.11
2008-06-05,5.11
2008-06-09,5.16
2008-06-10,5.25
2008-06-11,5.23
2008-06-12,5.23
2008-06-13,5.23
2008-06-16,5.22
2008-06-17,5.2
2008-06-18,5.21
2008-06-19,5.19
2008-06-20,5.22
2008-06-23,5.32
2008-06-24,5.32
2008-06-25,5.31
2008-06-26,5.28
2008-06-27,5.29
2008-06-30,5.35
2008-07-01,5.33
2008-07-02,5.38
2008-07-03,5.43
2008-07-04,5.42
2008-07-07,5.37
2008-07-08,5.33
2008-07-09,5.29
2008-07-10,5.32
2008-07-11,5.43
2008-07-14,5.48
2008-07-15,5.5
2008-07-16,5.51
2008-07-17,5.5
2008-07-18,5.5
2008-07-21,5.54
2008-07-22,5.43
2008-07-23,5.4
2008-07-24,5.38
2008-07-25,5.37
2008-07-28,5.41
2008-07-29,5.39
2008-07-30,5.37
2008-07-31,5.4
2008-08-01,5.37
2008-08-04,5.42
2008-08-05,5.41
2008-08-06,5.39
2008-08-07,5.38
2008-08-08,5.4
2008-08-11,5.42
2008-08-12,5.45
2008-08-13,5.45
2008-08-14,5.5
2008-08-18,5.51
2008-08-19,5.46
2008-08-20,5.43
2008-08-21,5.42
2008-08-22,5.48
2008-08-25,5.52
2008-08-26,5.5
2008-08-27,5.48
2008-08-28,5.44
2008-08-29,5.44
2008-09-01,5.49
2008-09-02,5.53
2008-09-03,5.49
2008-09-04,5.46
2008-09-05,5.45
2008-09-08,5.43
2008-09-09,5.43
2008-09-10,5.41
2008-09-11,5.36
2008-09-12,5.34
2008-09-16,5.24
2008-09-17,5.29
2008-09-18,5.51
2008-09-19,5.46
2008-09-22,5.5
2008-09-23,5.55
2008-09-24,5.57
2008-09-25,5.6
2008-09-26,5.67
2008-09-29,5.66
2008-09-30,5.55
2008-10-01,5.57
2008-10-02,5.54
2008-10-06,5.6
2008-10-07,5.54
2008-10-08,5.54
2008-10-09,5.31
2008-10-10,5.22
2008-10-13,5.27
2008-10-14,5.27
2008-10-15,5.22
2008-10-16,5.28
2008-10-17,5.18
2008-10-20,5.18
2008-10-21,5.17
2008-10-22,5.02
2008-10-23,5.05
2008-10-24,5.08
2008-10-27,4.81
2008-10-28,4.87
2008-10-29,4.89
2008-10-30,4.85
2008-10-31,4.9
2008-11-03,4.96
2008-11-04,4.91
2008-11-05,4.86
2008-11-06,4.8
2008-11-07,4.83
2008-11-10,5.1
2008-11-11,5.11
2008-11-12,5.07
2008-11-13,5.23
2008-11-14,5.36
2008-11-17,5.26
2008-11-18,5.28
2008-11-19,5.11
2008-11-20,5.1
2008-11-21,4.98
2008-11-24,5
2008-11-25,4.96
2008-11-26,4.88
2008-11-27,4.86
2008-11-28,4.88
2008-12-01,4.78
2008-12-02,4.66
2008-12-03,4.51
2008-12-04,4.53
2008-12-05,4.41
2008-12-08,4.41
2008-12-09,4.35
2008-12-10,4.38
2008-12-11,4.09
2008-12-12,3.99
2008-12-15,3.97
2008-12-16,3.8
2008-12-17,3.78
2008-12-18,3.76
2008-12-19,3.73
2008-12-22,3.76
2008-12-23,3.74
2008-12-24,3.6
2008-12-26,3.52
2008-12-29,3.47
2008-12-30,3.26
2008-12-31,3.26
2009-01-02,3.24
2009-01-05,2.99
2009-01-06,2.93
2009-01-07,2.96
2009-01-08,2.74
2009-01-09,2.79
2009-01-12,2.79
2009-01-13,2.73
2009-01-14,2.63
2009-01-15,2.73
2009-01-16,2.74
2009-01-19,2.61
2009-01-20,2.63
2009-01-21,2.55
2009-01-22,2.54
2009-01-23,2.52
2009-01-28,2.48
2009-01-29,2.49
2009-01-30,2.53
2009-02-02,2.59
2009-02-03,2.55
2009-02-04,2.46
2009-02-05,2.48
2009-02-06,2.42
2009-02-09,2.41
2009-02-10,2.38
2009-02-11,2.28
2009-02-12,2.2
2009-02-13,2.12
2009-02-16,2.14
2009-02-17,2.27
2009-02-18,2.19
2009-02-19,2.19
2009-02-20,2.27
2009-02-23,2.3
2009-02-24,2.37
2009-02-25,2.56
2009-02-26,2.55
2009-02-27,2.54
2009-03-02,2.54
2009-03-03,2.47
2009-03-04,2.44
2009-03-05,2.46
2009-03-06,2.43
2009-03-09,2.43
2009-03-10,2.39
2009-03-11,2.42
2009-03-12,2.39
2009-03-13,2.44
2009-03-16,2.47
2009-03-17,2.46
2009-03-18,2.48
2009-03-19,2.49
2009-03-20,2.5
2009-03-23,2.59
2009-03-24,2.63
2009-03-25,2.61
2009-03-26,2.64
2009-03-27,2.64
2009-03-30,2.68
2009-03-31,2.7
2009-04-01,2.64
2009-04-02,2.62
2009-04-03,2.61
2009-04-06,2.63
2009-04-07,2.62
2009-04-08,2.59
2009-04-09,2.57
2009-04-10,2.56
2009-04-13,2.52
2009-04-14,2.45
2009-04-15,2.41
2009-04-16,2.39
2009-04-17,2.35
2009-04-20,2.35
2009-04-21,2.36
2009-04-22,2.39
2009-04-23,2.4
2009-04-24,2.39
2009-04-27,2.43
2009-04-28,2.43
2009-04-29,2.46
2009-04-30,2.53
2009-05-04,2.62
2009-05-06,2.62
2009-05-07,2.66
2009-05-08,2.66
2009-05-11,2.67
2009-05-12,2.61
2009-05-13,2.61
2009-05-14,2.55
2009-05-15,2.55
2009-05-18,2.52
2009-05-19,2.57
2009-05-20,2.57
2009-05-21,2.53
2009-05-22,2.53
2009-05-25,2.5
2009-05-26,2.5
2009-05-27,2.5
2009-05-28,2.5
2009-05-29,2.46
2009-06-01,2.43
2009-06-02,2.48
2009-06-03,2.47
2009-06-04,2.45
2009-06-05,2.45
2009-06-08,2.54
2009-06-09,2.6
2009-06-10,2.64
2009-06-11,2.95
2009-06-12,3.06
2009-06-15,3.2
2009-06-16,3.2
2009-06-17,3.2
2009-06-18,3.17
2009-06-19,3.08
2009-06-22,3.03
2009-06-23,2.95
2009-06-24,2.91
2009-06-25,2.98
2009-06-26,2.94
2009-06-29,2.92
2009-06-30,2.95
2009-07-01,2.93
2009-07-02,2.91
2009-07-03,2.86
2009-07-06,2.83
2009-07-07,2.85
2009-07-08,2.8
2009-07-09,2.73
2009-07-10,2.64
2009-07-13,2.65
2009-07-14,2.65
2009-07-15,2.66
2009-07-16,2.66
2009-07-17,2.73
2009-07-20,2.76
2009-07-21,2.75
2009-07-22,2.76
2009-07-23,2.72
2009-07-24,2.71
2009-07-27,2.71
2009-07-28,2.71
2009-07-29,2.73
2009-07-30,2.72
2009-07-31,2.78
2009-08-03,2.85
2009-08-04,2.84
2009-08-05,2.89
2009-08-06,2.95
2009-08-07,2.96
2009-08-10,2.98
2009-08-11,2.98
2009-08-12,3.06
2009-08-13,3.11
2009-08-14,3.19
2009-08-17,3.16
2009-08-18,3.2
2009-08-19,3.19
2009-08-20,3.22
2009-08-21,3.23
2009-08-24,3.29
2009-08-25,3.35
2009-08-26,3.38
2009-08-27,3.37
2009-08-28,3.4
2009-08-31,3.42
2009-09-01,3.43
2009-09-02,3.39
2009-09-03,3.37
2009-09-04,3.37
2009-09-07,3.36
2009-09-08,3.33
2009-09-09,3.31
2009-09-10,3.5
2009-09-11,3.5
2009-09-14,3.5
2009-09-15,3.48
2009-09-16,3.42
2009-09-17,3.42
2009-09-18,3.38
2009-09-21,3.43
2009-09-22,3.47
2009-09-23,3.48
2009-09-24,3.49
2009-09-25,3.5
2009-09-28,3.53
2009-09-29,3.57
2009-09-30,3.54
2009-10-01,3.54
2009-10-05,3.54
2009-10-06,3.61
2009-10-07,3.61
2009-10-08,3.62
2009-10-09,3.53
2009-10-12,3.48
2009-10-13,3.43
2009-10-14,3.4
2009-10-15,3.41
2009-10-16,3.5
2009-10-19,3.5
2009-10-20,3.51
2009-10-21,3.49
2009-10-22,3.5
2009-10-23,3.56
2009-10-26,3.58
2009-10-27,3.55
2009-10-28,3.54
2009-10-29,3.51
2009-10-30,3.51
2009-11-02,3.5
2009-11-03,3.48
2009-11-04,3.49
2009-11-05,3.45
2009-11-06,3.44
2009-11-09,3.4
2009-11-10,3.37
2009-11-11,3.34
2009-11-12,3.28
2009-11-13,3.23
2009-11-16,3.23
2009-11-17,3.18
2009-11-18,3.19
2009-11-19,3.18
2009-11-20,3.18
2009-11-23,3.22
2009-11-24,3.21
2009-11-25,3.2
2009-11-26,3.18
2009-11-27,3.1
2009-11-30,3.12
2009-12-01,3.09
2009-12-02,3.13
2009-12-03,3.13
2009-12-04,3.16
2009-12-07,3.22
2009-12-08,3.19
2009-12-09,3.19
2009-12-10,3.3
2009-12-11,3.29
2009-12-14,3.3
2009-12-15,3.27
2009-12-16,3.33
2009-12-17,3.33
2009-12-18,3.31
2009-12-21,3.32
2009-12-22,3.41
2009-12-23,3.39
2009-12-24,3.41
2009-12-28,3.44
2009-12-29,3.46
2009-12-30,3.48
2009-12-31,3.48
2010-01-04,3.5
2010-01-05,3.43
2010-01-06,3.46
2010-01-07,3.39
2010-01-08,3.38
2010-01-11,3.26
2010-01-12,3.24
2010-01-13,3.25
2010-01-14,3.24
2010-01-15,3.25
2010-01-18,3.27
2010-01-19,3.24
2010-01-20,3.24
2010-01-21,3.24
2010-01-22,3.22
2010-01-25,3.23
2010-01-26,3.2
2010-01-27,3.22
2010-01-28,3.25
2010-01-29,3.22
2010-02-01,3.22
2010-02-02,3.19
2010-02-03,3.17
2010-02-04,3.16
2010-02-05,3.13
2010-02-08,3.15
2010-02-09,3.14
2010-02-10,3.14
2010-02-11,3.1
2010-02-12,3.06
2010-02-16,3.06
2010-02-17,3.05
2010-02-18,3.06
2010-02-19,3.13
2010-02-22,3.14
2010-02-23,3.12
2010-02-24,3.11
2010-02-25,3.08
2010-02-26,3.07
2010-03-02,3.06
2010-03-03,3.03
2010-03-04,3.02
2010-03-05,3.01
2010-03-08,3.01
2010-03-09,2.99
2010-03-10,2.98
2010-03-11,2.88
2010-03-12,2.85
2010-03-15,2.84
2010-03-16,2.78
2010-03-17,2.73
2010-03-18,2.7
2010-03-19,2.7
2010-03-22,2.69
2010-03-23,2.75
2010-03-24,2.77
2010-03-25,2.7
2010-03-26,2.7
2010-03-29,2.71
2010-03-30,2.71
2010-03-31,2.7
2010-04-01,2.66
2010-04-02,2.65
2010-04-05,2.67
2010-04-06,2.67
2010-04-07,2.67
2010-04-08,2.64
2010-04-09,2.65
2010-04-12,2.68
2010-04-13,2.68
2010-04-14,2.7
2010-04-15,2.69
2010-04-16,2.67
2010-04-19,2.67
2010-04-20,2.67
2010-04-21,2.68
2010-04-22,2.68
2010-04-23,2.68
2010-04-26,2.68
2010-04-27,2.66
2010-04-28,2.65
2010-04-29,2.63
2010-04-30,2.65
2010-05-03,2.68
2010-05-04,2.69
2010-05-06,2.72
2010-05-07,2.69
2010-05-10,2.7
2010-05-11,2.68
2010-05-12,2.74
2010-05-13,2.75
2010-05-14,2.75
2010-05-17,2.76
2010-05-18,2.76
2010-05-19,2.76
2010-05-20,2.76
2010-05-24,2.74
2010-05-25,2.72
2010-05-26,2.74
2010-05-27,2.74
2010-05-28,2.75
2010-05-31,2.75
2010-06-01,2.75
2010-06-03,2.78
2010-06-04,2.8
2010-06-07,2.78
2010-06-08,2.78
2010-06-09,2.77
2010-06-10,2.79
2010-06-11,2.85
2010-06-14,2.89
2010-06-15,2.92
2010-06-16,2.93
2010-06-17,2.93
2010-06-18,2.94
2010-06-21,3
2010-06-22,3.02
2010-06-23,3.03
2010-06-24,3.03
2010-06-25,3.04
2010-06-28,3.11
2010-06-29,3.1
2010-06-30,3.09
2010-07-01,3.07
2010-07-02,3.08
2010-07-05,3.1
2010-07-06,3.1
2010-07-07,3.13
2010-07-08,3.15
2010-07-09,3.16
2010-07-12,3.18
2010-07-13,3.18
2010-07-14,3.2
2010-07-15,3.18
2010-07-16,3.17
2010-07-19,3.17
2010-07-20,3.16
2010-07-21,3.14
2010-07-22,3.12
2010-07-23,3.13
2010-07-26,3.15
2010-07-27,3.14
2010-07-28,3.14
2010-07-29,3.12
2010-07-30,3.12
2010-08-02,3.15
2010-08-03,3.15
2010-08-04,3.14
2010-08-05,3.16
2010-08-06,3.18
2010-08-09,3.2
2010-08-10,3.2
2010-08-11,3.17
2010-08-12,3.13
2010-08-13,3.12
2010-08-16,3.12
2010-08-17,3.13
2010-08-18,3.12
2010-08-19,3.11
2010-08-20,3.1
2010-08-23,3.11
2010-08-24,3.1
2010-08-25,3.1
2010-08-26,3.1
2010-08-27,3.11
2010-08-30,3.13
2010-08-31,3.13
2010-09-01,3.18
2010-09-02,3.17
2010-09-03,3.18
2010-09-06,3.19
2010-09-07,3.17
2010-09-08,3.16
2010-09-09,2.99
2010-09-10,2.99
2010-09-13,2.96
2010-09-14,2.92
2010-09-15,2.89
2010-09-16,2.87
2010-09-17,2.88
2010-09-20,2.91
2010-09-24,2.87
2010-09-27,2.86
2010-09-28,2.85
2010-09-29,2.84
2010-09-30,2.84
2010-10-01,2.82
2010-10-04,2.85
2010-10-05,2.84
2010-10-06,2.84
2010-10-07,2.84
2010-10-08,2.83
2010-10-11,2.84
2010-10-12,2.83
2010-10-13,2.85
2010-10-14,2.7
2010-10-15,2.69
2010-10-18,2.7
2010-10-19,2.78
2010-10-20,2.82
2010-10-21,2.84
2010-10-22,2.8
2010-10-25,2.79
2010-10-26,2.74
2010-10-27,2.77
2010-10-28,2.76
2010-10-29,2.78
2010-11-01,2.88
2010-11-02,2.9
2010-11-03,2.91
2010-11-04,2.97
2010-11-05,3.02
2010-11-08,3.01
2010-11-09,3.02
2010-11-10,3
2010-11-11,2.99
2010-11-12,2.98
2010-11-15,2.99
2010-11-16,2.9
2010-11-17,2.9
2010-11-18,2.88
2010-11-19,2.86
2010-11-22,2.88
2010-11-23,2.9
2010-11-24,2.86
2010-11-25,2.84
2010-11-26,2.85
2010-11-29,2.81
2010-11-30,2.8
2010-12-01,2.81
2010-12-02,2.81
2010-12-03,2.81
2010-12-06,2.8
2010-12-07,2.8
2010-12-08,2.85
2010-12-09,2.84
2010-12-10,2.83
2010-12-13,2.87
2010-12-14,2.88
2010-12-15,2.96
2010-12-16,2.93
2010-12-17,2.94
2010-12-20,2.93
2010-12-21,2.87
2010-12-22,2.84
2010-12-23,2.84
2010-12-24,2.85
2010-12-27,2.88
2010-12-28,2.89
2010-12-29,2.89
2010-12-30,2.89
2010-12-31,2.89
2011-01-03,2.91
2011-01-04,2.9
2011-01-05,2.89
2011-01-06,2.91
2011-01-07,2.91
2011-01-10,2.91
2011-01-11,2.93
2011-01-12,2.92
2011-01-13,3
2011-01-14,3.05
2011-01-17,3.13
2011-01-18,3.13
2011-01-19,3.19
2011-01-20,3.21
2011-01-21,3.22
2011-01-24,3.25
2011-01-25,3.26
2011-01-26,3.26
2011-01-27,3.26
2011-01-28,3.28
2011-01-31,3.33
2011-02-01,3.35
2011-02-07,3.42
2011-02-08,3.4
2011-02-09,3.39
2011-02-10,3.39
2011-02-11,3.38
2011-02-14,3.39
2011-02-15,3.38
2011-02-16,3.37
2011-02-17,3.39
2011-02-18,3.39
2011-02-21,3.41
2011-02-22,3.39
2011-02-23,3.39
2011-02-24,3.37
2011-02-25,3.39
2011-02-28,3.4
2011-03-02,3.41
2011-03-03,3.47
2011-03-04,3.48
2011-03-07,3.47
2011-03-08,3.46
2011-03-09,3.45
2011-03-10,3.39
2011-03-11,3.39
2011-03-14,3.38
2011-03-15,3.35
2011-03-16,3.38
2011-03-17,3.4
2011-03-18,3.4
2011-03-21,3.42
2011-03-22,3.41
2011-03-23,3.4
2011-03-24,3.4
2011-03-25,3.42
2011-03-28,3.43
2011-03-29,3.43
2011-03-30,3.43
2011-03-31,3.42
2011-04-01,3.4
2011-04-04,3.4
2011-04-05,3.4
2011-04-06,3.4
2011-04-07,3.38
2011-04-08,3.41
2011-04-11,3.41
2011-04-12,3.39
2011-04-13,3.4
2011-04-14,3.4
2011-04-15,3.4
2011-04-18,3.39
2011-04-19,3.39
2011-04-20,3.41
2011-04-21,3.44
2011-04-22,3.46
2011-04-25,3.5
2011-04-26,3.5
2011-04-27,3.5
2011-04-28,3.48
2011-04-29,3.48
2011-05-02,3.48
2011-05-03,3.48
2011-05-04,3.48
2011-05-06,3.46
2011-05-09,3.46
2011-05-11,3.45
2011-05-12,3.43
2011-05-13,3.42
2011-05-16,3.4
2011-05-17,3.41
2011-05-18,3.41
2011-05-19,3.41
2011-05-20,3.41
2011-05-23,3.39
2011-05-24,3.39
2011-05-25,3.39
2011-05-26,3.41
2011-05-27,3.41
2011-05-30,3.41
2011-05-31,3.41
2011-06-01,3.42
2011-06-02,3.39
2011-06-03,3.39
2011-06-07,3.37
2011-06-08,3.37
2011-06-09,3.4
2011-06-10,3.49
2011-06-13,3.51
2011-06-14,3.52
2011-06-15,3.52
2011-06-16,3.5
2011-06-17,3.51
2011-06-20,3.51
2011-06-21,3.52
2011-06-22,3.52
2011-06-23,3.52
2011-06-24,3.53
2011-06-27,3.54
2011-06-28,3.54
2011-06-29,3.57
2011-06-30,3.56
2011-07-01,3.57
2011-07-04,3.58
2011-07-05,3.57
2011-07-06,3.58
2011-07-07,3.58
2011-07-08,3.62
2011-07-11,3.6
2011-07-12,3.55
2011-07-13,3.56
2011-07-14,3.56
2011-07-15,3.55
2011-07-18,3.55
2011-07-19,3.55
2011-07-20,3.57
2011-07-21,3.57
2011-07-22,3.6
2011-07-25,3.63
2011-07-26,3.65
2011-07-27,3.65
2011-07-28,3.64
2011-07-29,3.68
2011-08-01,3.71
2011-08-02,3.69
2011-08-03,3.66
2011-08-04,3.63
2011-08-05,3.55
2011-08-08,3.53
2011-08-09,3.51
2011-08-10,3.43
2011-08-11,3.44
2011-08-12,3.43
2011-08-16,3.44
2011-08-17,3.46
2011-08-18,3.47
2011-08-19,3.45
2011-08-22,3.46
2011-08-23,3.46
2011-08-24,3.44
2011-08-25,3.44
2011-08-26,3.45
2011-08-29,3.47
2011-08-30,3.46
2011-08-31,3.46
2011-09-01,3.43
2011-09-02,3.43
2011-09-05,3.37
2011-09-06,3.36
2011-09-07,3.42
2011-09-08,3.37
2011-09-09,3.35
2011-09-14,3.31
2011-09-15,3.34
2011-09-16,3.35
2011-09-19,3.41
2011-09-20,3.4
2011-09-21,3.4
2011-09-22,3.4
2011-09-23,3.39
2011-09-26,3.43
2011-09-27,3.41
2011-09-28,3.46
2011-09-29,3.48
2011-09-30,3.49
2011-10-04,3.46
2011-10-05,3.45
2011-10-06,3.44
2011-10-07,3.44
2011-10-10,3.46
2011-10-11,3.46
2011-10-12,3.43
2011-10-13,3.41
2011-10-14,3.41
2011-10-17,3.45
2011-10-18,3.45
2011-10-19,3.45
2011-10-20,3.44
2011-10-21,3.48
2011-10-24,3.51
2011-10-25,3.51
2011-10-26,3.5
2011-10-27,3.51
2011-10-28,3.52
2011-10-31,3.51
2011-11-01,3.5
2011-11-02,3.5
2011-11-03,3.48
2011-11-04,3.48
2011-11-07,3.47
2011-11-08,3.46
2011-11-09,3.45
2011-11-10,3.4
2011-11-11,3.42
2011-11-14,3.43
2011-11-15,3.4
2011-11-16,3.38
2011-11-17,3.39
2011-11-18,3.38
2011-11-21,3.38
2011-11-22,3.39
2011-11-23,3.37
2011-11-24,3.39
2011-11-25,3.41
2011-11-28,3.43
2011-11-29,3.43
2011-11-30,3.39
2011-12-01,3.4
2011-12-02,3.39
2011-12-05,3.39
2011-12-06,3.39
2011-12-07,3.39
2011-12-08,3.4
2011-12-09,3.4
2011-12-12,3.4
2011-12-13,3.39
2011-12-14,3.38
2011-12-15,3.37
2011-12-16,3.37
2011-12-19,3.43
2011-12-20,3.4
2011-12-21,3.39
2011-12-22,3.4
2011-12-23,3.41
2011-12-26,3.42
2011-12-27,3.42
2011-12-28,3.42
2011-12-29,3.4
2011-12-30,3.4
2012-01-02,3.38
2012-01-03,3.38
2012-01-04,3.38
2012-01-05,3.38
2012-01-06,3.38
2012-01-09,3.39
2012-01-10,3.39
2012-01-11,3.39
2012-01-12,3.4
2012-01-13,3.39
2012-01-16,3.38
2012-01-17,3.39
2012-01-18,3.39
2012-01-19,3.39
2012-01-20,3.4
2012-01-25,3.41
2012-01-26,3.4
2012-01-27,3.39
2012-01-30,3.38
2012-01-31,3.39
2012-02-01,3.38
2012-02-02,3.38
2012-02-03,3.38
2012-02-06,3.38
2012-02-07,3.39
2012-02-08,3.41
2012-02-09,3.41
2012-02-10,3.4
2012-02-13,3.41
2012-02-14,3.41
2012-02-15,3.42
2012-02-16,3.4
2012-02-17,3.41
2012-02-20,3.43
2012-02-21,3.43
2012-02-22,3.43
2012-02-23,3.42
2012-02-24,3.43
2012-02-27,3.43
2012-02-28,3.42
2012-02-29,3.43
2012-03-02,3.45
2012-03-05,3.46
2012-03-06,3.46
2012-03-07,3.46
2012-03-08,3.44
2012-03-09,3.45
2012-03-12,3.44
2012-03-13,3.44
2012-03-14,3.46
2012-03-15,3.5
2012-03-16,3.51
2012-03-19,3.53
2012-03-20,3.52
2012-03-21,3.54
2012-03-22,3.54
2012-03-23,3.55
2012-03-26,3.54
2012-03-27,3.54
2012-03-28,3.51
2012-03-29,3.49
2012-03-30,3.47
2012-04-02,3.48
2012-04-03,3.47
2012-04-04,3.47
2012-04-05,3.47
2012-04-06,3.46
2012-04-09,3.44
2012-04-10,3.44
2012-04-12,3.44
2012-04-13,3.44
2012-04-16,3.43
2012-04-17,3.43
2012-04-18,3.44
2012-04-19,3.44
2012-04-20,3.43
2012-04-23,3.44
2012-04-24,3.44
2012-04-25,3.45
2012-04-26,3.45
2012-04-27,3.43
2012-04-30,3.43
2012-05-02,3.43
2012-05-03,3.42
2012-05-04,3.41
2012-05-07,3.38
2012-05-08,3.38
2012-05-09,3.37
2012-05-10,3.38
2012-05-11,3.36
2012-05-14,3.37
2012-05-15,3.37
2012-05-16,3.37
2012-05-17,3.38
2012-05-18,3.36
2012-05-21,3.37
2012-05-22,3.36
2012-05-23,3.36
2012-05-24,3.35
2012-05-25,3.35
2012-05-29,3.35
2012-05-30,3.34
2012-05-31,3.31
2012-06-01,3.3
2012-06-04,3.27
2012-06-05,3.29
2012-06-07,3.3
2012-06-08,3.26
2012-06-11,3.31
2012-06-12,3.29
2012-06-13,3.3
2012-06-14,3.29
2012-06-15,3.27
2012-06-18,3.3
2012-06-19,3.29
2012-06-20,3.3
2012-06-21,3.3
2012-06-22,3.29
2012-06-25,3.29
2012-06-26,3.29
2012-06-27,3.28
2012-06-28,3.28
2012-06-29,3.31
2012-07-02,3.31
2012-07-03,3.3
2012-07-04,3.29
2012-07-05,3.28
2012-07-06,3.25
2012-07-09,3.23
2012-07-10,3.23
2012-07-11,3.21
2012-07-12,2.99
2012-07-13,2.97
2012-07-16,2.97
2012-07-17,2.94
2012-07-18,2.91
2012-07-19,2.91
2012-07-20,2.88
2012-07-23,2.82
2012-07-24,2.83
2012-07-25,2.78
2012-07-26,2.8
2012-07-27,2.85
2012-07-30,2.84
2012-07-31,2.84
2012-08-01,2.82
2012-08-02,2.79
2012-08-03,2.77
2012-08-06,2.78
2012-08-07,2.77
2012-08-08,2.76
2012-08-09,2.81
2012-08-10,2.79
2012-08-13,2.82
2012-08-14,2.86
2012-08-16,2.93
2012-08-17,2.91
2012-08-20,2.93
2012-08-21,2.9
2012-08-22,2.9
2012-08-23,2.88
2012-08-24,2.85
2012-08-27,2.84
2012-08-28,2.85
2012-08-29,2.83
2012-08-30,2.82
2012-08-31,2.81
2012-09-03,2.8
2012-09-04,2.81
2012-09-05,2.79
2012-09-06,2.8
2012-09-07,2.85
2012-09-10,2.84
2012-09-11,2.82
2012-09-12,2.84
2012-09-13,2.9
2012-09-14,2.89
2012-09-17,2.92
2012-09-18,2.89
2012-09-19,2.91
2012-09-20,2.86
2012-09-21,2.88
2012-09-24,2.87
2012-09-25,2.86
2012-09-26,2.85
2012-09-27,2.86
2012-09-28,2.84
2012-10-02,2.81
2012-10-04,2.8
2012-10-05,2.81
2012-10-08,2.82
2012-10-09,2.82
2012-10-10,2.77
2012-10-11,2.8
2012-10-12,2.82
2012-10-15,2.81
2012-10-16,2.83
2012-10-17,2.85
2012-10-18,2.86
2012-10-19,2.83
2012-10-22,2.84
2012-10-23,2.81
2012-10-24,2.8
2012-10-25,2.8
2012-10-26,2.78
2012-10-29,2.78
2012-10-30,2.78
2012-10-31,2.77
2012-11-01,2.77
2012-11-02,2.78
2012-11-05,2.8
2012-11-06,2.78
2012-11-07,2.78
2012-11-08,2.76
2012-11-09,2.78
2012-11-12,2.78
2012-11-13,2.76
2012-11-14,2.77
2012-11-15,2.77
2012-11-16,2.76
2012-11-19,2.77
2012-11-20,2.78
2012-11-21,2.78
2012-11-22,2.8
2012-11-23,2.83
2012-11-26,2.82
2012-11-27,2.84
2012-11-28,2.83
2012-11-29,2.83
2012-11-30,2.84
2012-12-03,2.82
2012-12-04,2.8
2012-12-05,2.81
2012-12-06,2.79
2012-12-07,2.78
2012-12-10,2.8
2012-12-11,2.8
2012-12-12,2.8
2012-12-13,2.82
2012-12-14,2.82
2012-12-17,2.82
2012-12-18,2.83
2012-12-20,2.82
2012-12-21,2.8
2012-12-24,2.81
2012-12-26,2.81
2012-12-27,2.8
2012-12-28,2.78
2012-12-31,2.78
2013-01-02,2.78
2013-01-03,2.74
2013-01-04,2.72
2013-01-07,2.72
2013-01-08,2.71
2013-01-09,2.71
2013-01-10,2.68
2013-01-11,2.71
2013-01-14,2.72
2013-01-15,2.7
2013-01-16,2.71
2013-01-17,2.71
2013-01-18,2.72
2013-01-21,2.72
2013-01-22,2.72
2013-01-23,2.71
2013-01-24,2.71
2013-01-25,2.71
2013-01-28,2.73
2013-01-29,2.74
2013-01-30,2.76
2013-01-31,2.75
2013-02-01,2.75
2013-02-04,2.74
2013-02-05,2.72
2013-02-06,2.7
2013-02-07,2.7
2013-02-08,2.7
2013-02-12,2.69
2013-02-13,2.7
2013-02-14,2.7
2013-02-15,2.69
2013-02-18,2.68
2013-02-19,2.66
2013-02-20,2.68
2013-02-21,2.66
2013-02-22,2.67
2013-02-25,2.67
2013-02-26,2.64
2013-02-27,2.62
2013-02-28,2.63
2013-03-04,2.63
2013-03-05,2.62
2013-03-06,2.63
2013-03-07,2.64
2013-03-08,2.64
2013-03-11,2.64
2013-03-12,2.6
2013-03-13,2.6
2013-03-14,2.6
2013-03-15,2.6
2013-03-18,2.59
2013-03-19,2.59
2013-03-20,2.59
2013-03-21,2.59
2013-03-22,2.58
2013-03-25,2.59
2013-03-26,2.59
2013-03-27,2.59
2013-03-28,2.5
2013-03-29,2.55
2013-04-01,2.52
2013-04-02,2.51
2013-04-03,2.51
2013-04-04,2.51
2013-04-05,2.47
2013-04-08,2.49
2013-04-09,2.51
2013-04-10,2.5
2013-04-11,2.63
2013-04-12,2.67
2013-04-15,2.65
2013-04-16,2.62
2013-04-17,2.62
2013-04-18,2.6
2013-04-19,2.63
2013-04-22,2.64
2013-04-23,2.63
2013-04-24,2.64
2013-04-25,2.61
2013-04-26,2.58
2013-04-29,2.58
2013-04-30,2.56
2013-05-02,2.52
2013-05-03,2.54
2013-05-06,2.63
2013-05-07,2.6
2013-05-08,2.61
2013-05-09,2.59
2013-05-10,2.58
2013-05-13,2.58
2013-05-14,2.56
2013-05-15,2.55
2013-05-16,2.55
2013-05-20,2.57
2013-05-21,2.57
2013-05-22,2.57
2013-05-23,2.57
2013-05-24,2.58
2013-05-27,2.57
2013-05-28,2.59
2013-05-29,2.67
2013-05-30,2.65
2013-05-31,2.66
2013-06-03,2.64
2013-06-04,2.64
2013-06-05,2.66
2013-06-07,2.61
2013-06-10,2.62
2013-06-11,2.63
2013-06-12,2.67
2013-06-13,2.61
2013-06-14,2.57
2013-06-17,2.61
2013-06-18,2.58
2013-06-19,2.62
2013-06-20,2.7
2013-06-21,2.75
2013-06-24,2.8
2013-06-25,2.73
2013-06-26,2.71
2013-06-27,2.71
2013-06-28,2.67
2013-07-01,2.74
2013-07-02,2.69
2013-07-03,2.68
2013-07-04,2.67
2013-07-05,2.67
2013-07-08,2.68
2013-07-09,2.67
2013-07-10,2.64
2013-07-11,2.59
2013-07-12,2.62
2013-07-15,2.65
2013-07-16,2.65
2013-07-17,2.65
2013-07-18,2.62
2013-07-19,2.62
2013-07-22,2.63
2013-07-23,2.65
2013-07-24,2.66
2013-07-25,2.7
2013-07-26,2.69
2013-07-29,2.67
2013-07-30,2.68
2013-07-31,2.69
2013-08-01,2.68
2013-08-02,2.7
2013-08-05,2.67
2013-08-06,2.67
2013-08-07,2.67
2013-08-08,2.65
2013-08-09,2.64
2013-08-12,2.64
2013-08-13,2.65
2013-08-14,2.67
2013-08-16,2.67
2013-08-19,2.68
2013-08-20,2.65
2013-08-21,2.67
2013-08-22,2.69
2013-08-23,2.67
2013-08-26,2.66
2013-08-27,2.66
2013-08-28,2.66
2013-08-29,2.66
2013-08-30,2.65
2013-09-02,2.68
2013-09-03,2.68
2013-09-04,2.68
2013-09-05,2.72
2013-09-06,2.72
2013-09-09,2.69
2013-09-10,2.71
2013-09-11,2.69
2013-09-12,2.67
2013-09-13,2.68
2013-09-16,2.65
2013-09-17,2.64
2013-09-23,2.62
2013-09-24,2.64
2013-09-25,2.65
2013-09-26,2.66
2013-09-27,2.65
2013-09-30,2.64
2013-10-01,2.66
2013-10-02,2.65
2013-10-04,2.65
2013-10-07,2.66
2013-10-08,2.67
2013-10-10,2.68
2013-10-11,2.67
2013-10-14,2.68
2013-10-15,2.68
2013-10-16,2.67
2013-10-17,2.66
2013-10-18,2.65
2013-10-21,2.66
2013-10-22,2.66
2013-10-23,2.63
2013-10-24,2.64
2013-10-25,2.64
2013-10-28,2.66
2013-10-29,2.648
2013-10-30,2.639
2013-10-31,2.656
2013-11-01,2.667
2013-11-04,2.681
2013-11-05,2.697
2013-11-06,2.693
2013-11-07,2.7
2013-11-08,2.686
2013-11-11,2.741
2013-11-12,2.739
2013-11-13,2.718
2013-11-14,2.712
2013-11-15,2.706
2013-11-18,2.699
2013-11-19,2.707
2013-11-20,2.707
2013-11-21,2.712
2013-11-22,2.699
2013-11-25,2.705
2013-11-26,2.698
2013-11-27,2.701
2013-11-28,2.71
2013-11-29,2.722
2013-12-02,2.74
2013-12-03,2.732
2013-12-04,2.716
2013-12-05,2.716
2013-12-06,2.703
2013-12-09,2.686
2013-12-10,2.687
2013-12-11,2.698
2013-12-12,2.699
2013-12-13,2.678
2013-12-16,2.658
2013-12-17,2.648
2013-12-18,2.668
2013-12-19,2.669
2013-12-20,2.664
2013-12-23,2.669
2013-12-24,2.676
2013-12-26,2.682
2013-12-27,2.658
2013-12-30,2.671
2013-12-31,2.671
2014-01-02,2.703
2014-01-03,2.703
2014-01-06,2.651
2014-01-07,2.649
2014-01-08,2.638
2014-01-09,2.655
2014-01-10,2.665
2014-01-13,2.65
2014-01-14,2.657
2014-01-15,2.654
2014-01-16,2.642
2014-01-17,2.647
2014-01-20,2.653
2014-01-21,2.658
2014-01-22,2.664
2014-01-23,2.653
2014-01-24,2.636
2014-01-27,2.655
2014-01-28,2.649
2014-01-29,2.653
2014-02-03,2.654
2014-02-04,2.641
2014-02-05,2.642
2014-02-06,2.637
2014-02-07,2.64
2014-02-10,2.632
2014-02-11,2.63
2014-02-12,2.633
2014-02-13,2.631
2014-02-14,2.631
2014-02-17,2.639
2014-02-18,2.643
2014-02-19,2.639
2014-02-20,2.64
2014-02-21,2.651
2014-02-24,2.649
2014-02-25,2.645
2014-02-26,2.645
2014-02-27,2.641
2014-02-28,2.644
2014-03-03,2.671
2014-03-04,2.68
2014-03-05,2.673
2014-03-06,2.675
2014-03-07,2.675
2014-03-10,2.668
2014-03-11,2.665
2014-03-12,2.655
2014-03-13,2.656
2014-03-14,2.63
2014-03-17,2.648
2014-03-18,2.644
2014-03-19,2.641
2014-03-20,2.654
2014-03-21,2.66
2014-03-24,2.662
2014-03-25,2.657
2014-03-26,2.66
2014-03-27,2.659
2014-03-28,2.653
2014-03-31,2.658
2014-04-01,2.657
2014-04-02,2.66
2014-04-03,2.66
2014-04-04,2.659
2014-04-07,2.648
2014-04-08,2.649
2014-04-09,2.639
2014-04-10,2.642
2014-04-11,2.639
2014-04-14,2.645
2014-04-15,2.648
2014-04-16,2.653
2014-04-17,2.647
2014-04-18,2.653
2014-04-21,2.657
2014-04-22,2.659
2014-04-23,2.662
2014-04-24,2.662
2014-04-25,2.658
2014-04-28,2.659
2014-04-29,2.657
2014-04-30,2.656
2014-05-02,2.648
2014-05-07,2.642
2014-05-08,2.64
2014-05-09,2.634
2014-05-12,2.641
2014-05-13,2.645
2014-05-14,2.643
2014-05-15,2.635
2014-05-16,2.638
2014-05-19,2.641
2014-05-20,2.647
2014-05-21,2.647
2014-05-22,2.652
2014-05-23,2.644
2014-05-26,2.641
2014-05-27,2.64
2014-05-28,2.637
2014-05-29,2.632
2014-05-30,2.638
2014-06-02,2.641
2014-06-03,2.645
2014-06-05,2.646
2014-06-09,2.645
2014-06-10,2.634
2014-06-11,2.635
2014-06-12,2.618
2014-06-13,2.596
2014-06-16,2.588
2014-06-17,2.592
2014-06-18,2.591
2014-06-19,2.574
2014-06-20,2.565
2014-06-23,2.573
2014-06-24,2.572
2014-06-25,2.58
2014-06-26,2.59
2014-06-27,2.583
2014-06-30,2.579
2014-07-01,2.574
2014-07-02,2.535
2014-07-03,2.543
2014-07-04,2.548
2014-07-07,2.549
2014-07-08,2.563
2014-07-09,2.536
2014-07-10,2.518
2014-07-11,2.514
2014-07-14,2.516
2014-07-15,2.512
2014-07-16,2.504
2014-07-17,2.455
2014-07-18,2.459
2014-07-21,2.458
2014-07-22,2.451
2014-07-23,2.416
2014-07-24,2.43
2014-07-25,2.426
2014-07-28,2.428
2014-07-29,2.432
2014-07-30,2.425
2014-07-31,2.423
2014-08-01,2.426
2014-08-04,2.417
2014-08-05,2.396
2014-08-06,2.402
2014-08-07,2.389
2014-08-08,2.37
2014-08-11,2.376
2014-08-12,2.38
2014-08-13,2.374
2014-08-14,2.385
2014-08-18,2.397
2014-08-19,2.404
2014-08-20,2.402
2014-08-21,2.405
2014-08-22,2.4
2014-08-25,2.389
2014-08-26,2.372
2014-08-27,2.365
2014-08-28,2.367
2014-08-29,2.359
2014-09-01,2.36
2014-09-02,2.358
2014-09-03,2.365
2014-09-04,2.367
2014-09-05,2.347
2014-09-11,2.342
2014-09-12,2.282
2014-09-15,2.278
2014-09-16,2.255
2014-09-17,2.253
2014-09-18,2.248
2014-09-19,2.249
2014-09-22,2.237
2014-09-23,2.232
2014-09-24,2.228
2014-09-25,2.224
2014-09-26,2.219
2014-09-29,2.22
2014-09-30,2.207
2014-10-01,2.147
2014-10-02,2.162
2014-10-06,2.171
2014-10-07,2.181
2014-10-08,2.181
2014-10-10,2.164
2014-10-13,2.16
2014-10-14,2.163
2014-10-15,2.159
2014-10-16,2.129
2014-10-17,2.129
2014-10-20,2.133
2014-10-21,2.122
2014-10-22,2.117
2014-10-23,2.105
2014-10-24,2.101
2014-10-27,2.107
2014-10-28,2.107
2014-10-29,2.104
2014-10-30,2.1
2014-10-31,2.074
2014-11-03,2.065
2014-11-04,2.045
2014-11-05,2.041
2014-11-06,2.029
2014-11-07,2.032
2014-11-10,2.041
2014-11-11,2.068
2014-11-12,2.084
2014-11-13,2.087
2014-11-14,2.078
2014-11-17,2.066
2014-11-18,2.056
2014-11-19,2.057
2014-11-20,2.045
2014-11-21,2.052
2014-11-24,2.025
2014-11-25,2.016
2014-11-26,2.013
2014-11-27,2.026
2014-11-28,2.008
2014-12-01,2.012
2014-12-02,2.023
2014-12-03,2.046
2014-12-04,2.071
2014-12-05,2.071
2014-12-08,2.102
2014-12-09,2.082
2014-12-10,2.089
2014-12-11,2.067
2014-12-12,2.06
2014-12-15,2.065
2014-12-16,2.067
2014-12-17,2.087
2014-12-18,2.102
2014-12-19,2.096
2014-12-22,2.082
2014-12-23,2.085
2014-12-24,2.081
2014-12-26,2.087
2014-12-29,2.073
2014-12-30,2.069
2014-12-31,2.069
2015-01-02,2.074
2015-01-05,2.058
2015-01-06,2.035
2015-01-07,2.032
2015-01-08,2.03
2015-01-09,2.022
2015-01-12,1.981
2015-01-13,1.982
2015-01-14,1.956
2015-01-15,1.999
2015-01-16,1.977
2015-01-19,1.989
2015-01-20,1.978
2015-01-21,1.982
2015-01-22,1.993
2015-01-23,1.974
2015-01-26,1.97
2015-01-27,1.975
2015-01-28,1.966
2015-01-29,1.965
2015-01-30,1.962
2015-02-02,1.967
2015-02-03,1.938
2015-02-04,1.945
2015-02-05,1.943
2015-02-06,1.94
2015-02-09,1.949
2015-02-10,1.987
2015-02-11,1.986
2015-02-12,2.002
2015-02-13,1.996
2015-02-16,2.016
2015-02-17,2
2015-02-23,2.009
2015-02-24,2.006
2015-02-25,1.998
2015-02-26,1.999
2015-02-27,1.997
2015-03-02,1.979
2015-03-03,1.971
2015-03-04,1.961
2015-03-05,1.957
2015-03-06,1.925
2015-03-09,1.917
2015-03-10,1.911
2015-03-11,1.875
2015-03-12,1.836
2015-03-13,1.821
2015-03-16,1.815
2015-03-17,1.817
2015-03-18,1.802
2015-03-19,1.783
2015-03-20,1.772
2015-03-23,1.769
2015-03-24,1.769
2015-03-25,1.763
2015-03-26,1.762
2015-03-27,1.759
2015-03-30,1.742
2015-03-31,1.722
2015-04-01,1.713
2015-04-02,1.706
2015-04-03,1.701
2015-04-06,1.698
2015-04-07,1.694
2015-04-08,1.699
2015-04-09,1.677
2015-04-10,1.684
2015-04-13,1.69
2015-04-14,1.692
2015-04-15,1.691
2015-04-16,1.695
2015-04-17,1.678
2015-04-20,1.677
2015-04-21,1.682
2015-04-22,1.683
2015-04-23,1.7
2015-04-24,1.715
2015-04-27,1.72
2015-04-28,1.753
2015-04-29,1.762
2015-04-30,1.756
2015-05-04,1.772
2015-05-06,1.802
2015-05-07,1.792
2015-05-08,1.745
2015-05-11,1.742
2015-05-12,1.771
2015-05-13,1.735
2015-05-14,1.734
2015-05-15,1.748
2015-05-18,1.749
2015-05-19,1.754
2015-05-20,1.744
2015-05-21,1.747
2015-05-22,1.742
2015-05-26,1.732
2015-05-27,1.715
2015-05-28,1.71
2015-05-29,1.687
2015-06-01,1.684
2015-06-02,1.66
2015-06-03,1.668
2015-06-04,1.666
2015-06-05,1.65
2015-06-08,1.637
2015-06-09,1.632
2015-06-10,1.635
2015-06-11,1.633
2015-06-12,1.612
2015-06-15,1.608
2015-06-16,1.609
2015-06-17,1.622
2015-06-18,1.611
2015-06-19,1.606
2015-06-22,1.617
2015-06-23,1.618
2015-06-24,1.621
2015-06-25,1.621
2015-06-26,1.621
2015-06-29,1.61
2015-06-30,1.61
2015-07-01,1.614
2015-07-02,1.623
2015-07-03,1.62
2015-07-06,1.614
2015-07-07,1.613
2015-07-08,1.605
2015-07-09,1.603
2015-07-10,1.604
2015-07-13,1.603
2015-07-14,1.601
2015-07-15,1.599
2015-07-16,1.598
2015-07-17,1.597
2015-07-20,1.596
2015-07-21,1.596
2015-07-22,1.588
2015-07-23,1.576
2015-07-24,1.572
2015-07-27,1.57
2015-07-28,1.581
2015-07-29,1.579
2015-07-30,1.589
2015-07-31,1.601
2015-08-03,1.596
2015-08-04,1.598
2015-08-05,1.603
2015-08-06,1.599
2015-08-07,1.597
2015-08-10,1.588
2015-08-11,1.575
2015-08-12,1.561
2015-08-13,1.57
2015-08-17,1.57
2015-08-18,1.569
2015-08-19,1.574
2015-08-20,1.571
2015-08-21,1.571
2015-08-24,1.568
2015-08-25,1.576
2015-08-26,1.583
2015-08-27,1.58
2015-08-28,1.589
2015-08-31,1.594
2015-09-01,1.59
2015-09-02,1.577
2015-09-03,1.569
2015-09-04,1.554
2015-09-07,1.554
2015-09-08,1.558
2015-09-09,1.562
2015-09-10,1.548
2015-09-11,1.55
2015-09-14,1.556
2015-09-15,1.549
2015-09-16,1.557
2015-09-17,1.564
2015-09-18,1.55
2015-09-21,1.538
2015-09-22,1.539
2015-09-23,1.538
2015-09-24,1.543
2015-09-25,1.539
2015-09-30,1.522
2015-10-01,1.535
2015-10-02,1.526
2015-10-05,1.52
2015-10-06,1.526
2015-10-07,1.537
2015-10-08,1.537
2015-10-12,1.548
2015-10-13,1.544
2015-10-14,1.551
2015-10-15,1.54
2015-10-16,1.541
2015-10-19,1.543
2015-10-20,1.55
2015-10-21,1.556
2015-10-22,1.56
2015-10-23,1.56
2015-10-26,1.56
2015-10-27,1.554
2015-10-28,1.553
2015-10-29,1.562
2015-10-30,1.573
2015-11-02,1.576
2015-11-03,1.582
2015-11-04,1.589
2015-11-05,1.596
2015-11-06,1.611
2015-11-09,1.652
2015-11-10,1.644
2015-11-11,1.652
2015-11-12,1.649
2015-11-13,1.646
2015-11-16,1.629
2015-11-17,1.63
2015-11-18,1.628
2015-11-19,1.622
2015-11-20,1.636
2015-11-23,1.638
2015-11-24,1.643
2015-11-25,1.645
2015-11-26,1.654
2015-11-27,1.668
2015-11-30,1.664
2015-12-01,1.654
2015-12-02,1.648
2015-12-03,1.64
2015-12-04,1.646
2015-12-07,1.645
2015-12-08,1.639
2015-12-09,1.64
2015-12-10,1.633
2015-12-11,1.64
2015-12-14,1.637
2015-12-15,1.638
2015-12-16,1.649
2015-12-17,1.638
2015-12-18,1.625
2015-12-21,1.612
2015-12-22,1.621
2015-12-23,1.623
2015-12-24,1.629
2015-12-28,1.632
2015-12-29,1.627
2015-12-30,1.629
2015-12-31,1.629
2016-01-04,1.605
2016-01-05,1.602
2016-01-06,1.601
2016-01-07,1.598
2016-01-08,1.608
2016-01-11,1.59
2016-01-12,1.588
2016-01-13,1.587
2016-01-14,1.59
2016-01-15,1.591
2016-01-18,1.591
2016-01-19,1.59
2016-01-20,1.578
2016-01-21,1.577
2016-01-22,1.582
2016-01-25,1.581
2016-01-26,1.569
2016-01-27,1.574
2016-01-28,1.582
2016-01-29,1.55
2016-02-01,1.518
2016-02-02,1.51
2016-02-03,1.49
2016-02-04,1.489
2016-02-05,1.497
2016-02-11,1.451
2016-02-12,1.464
2016-02-15,1.476
2016-02-16,1.427
2016-02-17,1.432
2016-02-18,1.443
2016-02-19,1.457
2016-02-22,1.468
2016-02-23,1.47
2016-02-24,1.465
2016-02-25,1.465
2016-02-26,1.463
2016-02-29,1.463
2016-03-02,1.469
2016-03-03,1.49
2016-03-04,1.497
2016-03-07,1.489
2016-03-08,1.484
2016-03-09,1.471
2016-03-10,1.486
2016-03-11,1.527
2016-03-14,1.524
2016-03-15,1.531
2016-03-16,1.539
2016-03-17,1.523
2016-03-18,1.517
2016-03-21,1.518
2016-03-22,1.531
2016-03-23,1.531
2016-03-24,1.523
2016-03-25,1.518
2016-03-28,1.515
2016-03-29,1.49
2016-03-30,1.485
2016-03-31,1.485
2016-04-01,1.483
2016-04-04,1.473
2016-04-05,1.478
2016-04-06,1.478
2016-04-07,1.483
2016-04-08,1.481
2016-04-11,1.482
2016-04-12,1.483
2016-04-14,1.507
2016-04-15,1.506
2016-04-18,1.515
2016-04-19,1.515
2016-04-20,1.501
2016-04-21,1.51
2016-04-22,1.509
2016-04-25,1.499
2016-04-26,1.492
2016-04-27,1.492
2016-04-28,1.487
2016-04-29,1.486
2016-05-02,1.491
2016-05-03,1.475
2016-05-04,1.463
2016-05-09,1.446
2016-05-10,1.441
2016-05-11,1.442
2016-05-12,1.446
2016-05-13,1.457
2016-05-16,1.465
2016-05-17,1.477
2016-05-18,1.49
2016-05-19,1.508
2016-05-20,1.494
2016-05-23,1.494
2016-05-24,1.487
2016-05-25,1.498
2016-05-26,1.499
2016-05-27,1.498
2016-05-30,1.514
2016-05-31,1.511
2016-06-01,1.463
2016-06-02,1.467
2016-06-03,1.453
2016-06-07,1.436
2016-06-08,1.414
2016-06-09,1.352
2016-06-10,1.341
2016-06-13,1.331
2016-06-14,1.346
2016-06-15,1.349
2016-06-16,1.342
2016-06-17,1.356
2016-06-20,1.373
2016-06-21,1.368
2016-06-22,1.379
2016-06-23,1.371
2016-06-24,1.292
2016-06-27,1.279
2016-06-28,1.286
2016-06-29,1.283
2016-06-30,1.291
2016-07-01,1.272
2016-07-04,1.275
2016-07-05,1.268
2016-07-06,1.247
2016-07-07,1.249
2016-07-08,1.253
2016-07-11,1.252
2016-07-12,1.258
2016-07-13,1.257
2016-07-14,1.254
2016-07-15,1.261
2016-07-18,1.266
2016-07-19,1.263
2016-07-20,1.262
2016-07-21,1.268
2016-07-22,1.261
2016-07-25,1.262
2016-07-26,1.259
2016-07-27,1.26
2016-07-28,1.251
2016-07-29,1.253
2016-08-01,1.249
2016-08-02,1.246
2016-08-03,1.256
2016-08-04,1.252
2016-08-05,1.247
2016-08-08,1.262
2016-08-09,1.261
2016-08-10,1.247
2016-08-11,1.253
2016-08-12,1.258
2016-08-16,1.254
2016-08-17,1.263
2016-08-18,1.261
2016-08-19,1.266
2016-08-22,1.268
2016-08-23,1.267
2016-08-24,1.269
2016-08-25,1.272
2016-08-26,1.273
2016-08-29,1.294
2016-08-30,1.301
2016-08-31,1.319
2016-09-01,1.328
2016-09-02,1.324
2016-09-05,1.313
2016-09-06,1.31
2016-09-07,1.292
2016-09-08,1.298
2016-09-09,1.324
2016-09-12,1.344
2016-09-13,1.339
2016-09-19,1.34
2016-09-20,1.336
2016-09-21,1.333
2016-09-22,1.317
2016-09-23,1.318
2016-09-26,1.321
2016-09-27,1.325
2016-09-28,1.326
2016-09-29,1.327
2016-09-30,1.305
2016-10-04,1.315
2016-10-05,1.331
2016-10-06,1.333
2016-10-07,1.336
2016-10-10,1.344
2016-10-11,1.366
2016-10-12,1.359
2016-10-13,1.346
2016-10-14,1.347
2016-10-17,1.363
2016-10-18,1.361
2016-10-19,1.365
2016-10-20,1.368
2016-10-21,1.382
2016-10-24,1.393
2016-10-25,1.408
2016-10-26,1.414
2016-10-27,1.41
2016-10-28,1.423
2016-10-31,1.419
2016-11-01,1.428
2016-11-02,1.417
2016-11-03,1.419
2016-11-04,1.422
2016-11-07,1.421
2016-11-08,1.419
2016-11-09,1.398
2016-11-10,1.426
2016-11-11,1.452
2016-11-14,1.501
2016-11-15,1.498
2016-11-16,1.52
2016-11-17,1.536
2016-11-18,1.563
2016-11-21,1.567
2016-11-22,1.57
2016-11-23,1.588
2016-11-24,1.634
2016-11-25,1.641
2016-11-28,1.618
2016-11-29,1.601
2016-11-30,1.596
2016-12-01,1.596
2016-12-02,1.601
2016-12-05,1.588
2016-12-06,1.591
2016-12-07,1.59
2016-12-08,1.579
2016-12-09,1.586
2016-12-12,1.583
2016-12-13,1.557
2016-12-14,1.54
2016-12-15,1.569
2016-12-16,1.566
2016-12-19,1.568
2016-12-20,1.568
2016-12-21,1.563
2016-12-22,1.563
2016-12-23,1.578
2016-12-26,1.586
2016-12-27,1.588
2016-12-28,1.574
2016-12-29,1.566
2016-12-30,1.566
2017-01-02,1.558
2017-01-03,1.536
2017-01-04,1.514
2017-01-05,1.493
2017-01-06,1.502
2017-01-09,1.51
2017-01-10,1.5
2017-01-11,1.503
2017-01-12,1.48
2017-01-13,1.49
2017-01-16,1.49
2017-01-17,1.48
2017-01-18,1.481
2017-01-19,1.489
2017-01-20,1.479
2017-01-23,1.474
2017-01-24,1.47
2017-01-25,1.483
2017-01-26,1.501
2017-01-31,1.494
2017-02-01,1.492
2017-02-02,1.479
2017-02-03,1.478
2017-02-06,1.469
2017-02-07,1.452
2017-02-08,1.455
2017-02-09,1.458
2017-02-10,1.465
2017-02-13,1.463
2017-02-14,1.459
2017-02-15,1.462
2017-02-16,1.459
2017-02-17,1.457
2017-02-20,1.465
2017-02-21,1.465
2017-02-22,1.472
2017-02-23,1.468
2017-02-24,1.463
2017-02-27,1.463
2017-02-28,1.462
2017-03-02,1.48
2017-03-03,1.48
2017-03-06,1.493
2017-03-07,1.513
2017-03-08,1.512
2017-03-09,1.516
2017-03-10,1.508
2017-03-13,1.499
2017-03-14,1.492
2017-03-15,1.494
2017-03-16,1.477
2017-03-17,1.476
2017-03-20,1.477
2017-03-21,1.475
2017-03-22,1.472
2017-03-23,1.476
2017-03-24,1.482
2017-03-27,1.468
2017-03-28,1.472
2017-03-29,1.47
2017-03-30,1.47
2017-03-31,1.467
2017-04-03,1.462
2017-04-04,1.453
2017-04-05,1.455
2017-04-06,1.466
2017-04-07,1.469
2017-04-10,1.486
2017-04-11,1.468
2017-04-12,1.462
2017-04-13,1.457
2017-04-14,1.458
2017-04-17,1.46
2017-04-18,1.463
2017-04-19,1.46
2017-04-20,1.465
2017-04-21,1.475
2017-04-24,1.486
2017-04-25,1.477
2017-04-26,1.478
2017-04-27,1.472
2017-04-28,1.47
2017-05-02,1.469
2017-05-04,1.463
2017-05-08,1.466
2017-05-10,1.476
2017-05-11,1.471
2017-05-12,1.462
2017-05-15,1.461
2017-05-16,1.463
2017-05-17,1.455
2017-05-18,1.455
2017-05-19,1.453
2017-05-22,1.461
2017-05-23,1.461
2017-05-24,1.469
2017-05-25,1.468
2017-05-26,1.468
2017-05-29,1.467
2017-05-30,1.462
2017-05-31,1.465
2017-06-01,1.46
2017-06-02,1.457
2017-06-05,1.454
2017-06-07,1.452
2017-06-08,1.452
2017-06-09,1.45
2017-06-12,1.468
2017-06-13,1.455
2017-06-14,1.459
2017-06-15,1.454
2017-06-16,1.459
2017-06-19,1.457
2017-06-20,1.458
2017-06-21,1.463
2017-06-22,1.468
2017-06-23,1.467
2017-06-26,1.468
2017-06-27,1.466
2017-06-28,1.474
2017-06-29,1.474
2017-06-30,1.473
2017-07-03,1.474
2017-07-04,1.478
2017-07-05,1.478
2017-07-06,1.478
2017-07-07,1.481
2017-07-10,1.476
2017-07-11,1.477
2017-07-12,1.473
2017-07-13,1.465
2017-07-14,1.467
2017-07-17,1.467
2017-07-18,1.463
2017-07-19,1.463
2017-07-20,1.461
2017-07-21,1.456
2017-07-24,1.456
2017-07-25,1.45
2017-07-26,1.452
2017-07-27,1.443
2017-07-28,1.443
2017-07-31,1.442
2017-08-01,1.443
2017-08-02,1.441
2017-08-03,1.439
2017-08-04,1.435
2017-08-07,1.443
2017-08-08,1.452
2017-08-09,1.478
2017-08-10,1.475
2017-08-11,1.476
2017-08-14,1.482
2017-08-16,1.496
2017-08-17,1.488
2017-08-18,1.479
2017-08-21,1.481
2017-08-22,1.488
2017-08-23,1.49
2017-08-24,1.493
2017-08-25,1.478
2017-08-28,1.48
2017-08-29,1.485
2017-08-30,1.471
2017-08-31,1.469
2017-09-01,1.465
2017-09-04,1.478
2017-09-05,1.474
2017-09-06,1.47
2017-09-07,1.475
2017-09-08,1.467
2017-09-11,1.472
2017-09-12,1.469
2017-09-13,1.464
2017-09-14,1.464
2017-09-15,1.464
2017-09-18,1.467
2017-09-19,1.478
2017-09-20,1.477
2017-09-21,1.479
2017-09-22,1.476
2017-09-25,1.479
2017-09-26,1.495
2017-09-27,1.533
2017-09-28,1.535
2017-09-29,1.529
2017-10-10,1.554
2017-10-11,1.551
2017-10-12,1.546
2017-10-13,1.556
2017-10-16,1.569
2017-10-17,1.575
2017-10-18,1.573
2017-10-19,1.642
2017-10-20,1.72
2017-10-23,1.694
2017-10-24,1.706
2017-10-25,1.725
2017-10-26,1.759
2017-10-27,1.757
2017-10-30,1.753
2017-10-31,1.777
2017-11-01,1.765
2017-11-02,1.757
2017-11-03,1.757
2017-11-06,1.759
2017-11-07,1.746
2017-11-08,1.753
2017-11-09,1.753
2017-11-10,1.759
2017-11-13,1.784
2017-11-14,1.803
2017-11-15,1.797
2017-11-16,1.804
2017-11-17,1.8
2017-11-20,1.796
2017-11-21,1.8
2017-11-22,1.812
2017-11-23,1.809
2017-11-24,1.824
2017-11-27,1.824
2017-11-28,1.813
2017-11-29,1.809
2017-11-30,1.798
2017-12-01,1.807
2017-12-04,1.81
2017-12-05,1.822
2017-12-06,1.81
2017-12-07,1.814
2017-12-08,1.814
2017-12-11,1.812
2017-12-12,1.807
2017-12-13,1.809
2017-12-14,1.811
2017-12-15,1.819
2017-12-18,1.832
2017-12-19,1.841
2017-12-20,1.842
2017-12-21,1.845
2017-12-22,1.868
2017-12-26,1.872
2017-12-27,1.883
2017-12-28,1.877
2017-12-29,1.874
2018-01-02,1.851
2018-01-03,1.84
2018-01-04,1.838
2018-01-05,1.816
2018-01-08,1.82
2018-01-09,1.825
2018-01-10,1.836
2018-01-11,1.832
2018-01-12,1.834
2018-01-15,1.851
2018-01-16,1.851
2018-01-17,1.852
2018-01-18,1.825
2018-01-19,1.825
2018-01-22,1.835
2018-01-23,1.831
2018-01-24,1.831
2018-01-25,1.833
2018-01-26,1.834
2018-01-29,1.865
2018-01-30,1.874
2018-01-31,1.859
2018-02-01,1.852
2018-02-02,1.844
2018-02-05,1.856
2018-02-06,1.84
2018-02-07,1.834
2018-02-08,1.845
2018-02-09,1.85
2018-02-12,1.859
2018-02-13,1.852
2018-02-14,1.85
2018-02-19,1.861
2018-02-20,1.869
2018-02-21,1.862
2018-02-22,1.858
2018-02-23,1.85
2018-02-26,1.847
2018-02-27,1.843
2018-02-28,1.844
2018-03-02,1.854
2018-03-05,1.857
2018-03-06,1.862
2018-03-07,1.862
2018-03-08,1.865
2018-03-09,1.866
2018-03-12,1.87
2018-03-13,1.872
2018-03-14,1.87
2018-03-15,1.871
2018-03-16,1.878
2018-03-19,1.885
2018-03-20,1.889
2018-03-21,1.892
2018-03-22,1.886
2018-03-23,1.881
2018-03-26,1.888
2018-03-27,1.886
2018-03-28,1.88
2018-03-29,1.88
2018-03-30,1.878
2018-04-02,1.883
2018-04-03,1.873
2018-04-04,1.86
2018-04-05,1.861
2018-04-06,1.856
2018-04-09,1.864
2018-04-10,1.871
2018-04-11,1.869
2018-04-12,1.863
2018-04-13,1.862
2018-04-16,1.864
2018-04-17,1.868
2018-04-18,1.871
2018-04-19,1.872
2018-04-20,1.882
2018-04-23,1.89
2018-04-24,1.887
2018-04-25,1.895
2018-04-26,1.888
2018-04-27,1.875
2018-04-30,1.874
2018-05-02,1.879
2018-05-03,1.882
2018-05-04,1.894
2018-05-08,1.909
2018-05-09,1.916
2018-05-10,1.913
2018-05-11,1.92
2018-05-14,1.932
2018-05-15,1.931
2018-05-16,1.916
2018-05-17,1.901
2018-05-18,1.871
2018-05-21,1.879
2018-05-23,1.872
2018-05-24,1.853
2018-05-25,1.855
2018-05-28,1.858
2018-05-29,1.85
2018-05-30,1.852
2018-05-31,1.849
2018-06-01,1.848
2018-06-04,1.852
2018-06-05,1.847
2018-06-07,1.852
2018-06-08,1.842
2018-06-11,1.848
2018-06-12,1.85
2018-06-14,1.864
2018-06-15,1.86
2018-06-18,1.857
2018-06-19,1.856
2018-06-20,1.859
2018-06-21,1.847
2018-06-22,1.847
2018-06-25,1.849
2018-06-26,1.852
2018-06-27,1.844
2018-06-28,1.843
2018-06-29,1.844
2018-07-02,1.844
2018-07-03,1.847
2018-07-04,1.836
2018-07-05,1.823
2018-07-06,1.825
2018-07-09,1.826
2018-07-10,1.821
2018-07-11,1.807
2018-07-12,1.852
2018-07-13,1.859
2018-07-16,1.853
2018-07-17,1.845
2018-07-18,1.839
2018-07-19,1.841
2018-07-20,1.832
2018-07-23,1.832
2018-07-24,1.838
2018-07-25,1.837
2018-07-26,1.838
2018-07-27,1.864
2018-07-30,1.881
2018-07-31,1.88
2018-08-01,1.877
2018-08-02,1.878
2018-08-03,1.874
2018-08-06,1.867
2018-08-07,1.859
2018-08-08,1.852
2018-08-09,1.848
2018-08-10,1.848
2018-08-13,1.853
2018-08-14,1.859
2018-08-16,1.856
2018-08-17,1.837
2018-08-20,1.831
2018-08-21,1.791
2018-08-22,1.792
2018-08-23,1.791
2018-08-24,1.79
2018-08-27,1.792
2018-08-28,1.793
2018-08-29,1.793
2018-08-30,1.807
2018-08-31,1.768
2018-09-03,1.764
2018-09-04,1.757
2018-09-05,1.751
2018-09-06,1.756
2018-09-07,1.758
2018-09-10,1.76
2018-09-11,1.766
2018-09-12,1.753
2018-09-13,1.771
2018-09-14,1.797
2018-09-17,1.803
2018-09-18,1.808
2018-09-19,1.82
2018-09-20,1.843
2018-09-21,1.839
2018-09-27,1.844
2018-09-28,1.846
2018-10-01,1.849
2018-10-02,1.844
2018-10-04,1.864
2018-10-05,1.872
2018-10-08,1.877
2018-10-10,1.859
2018-10-11,1.844
2018-10-12,1.859
2018-10-15,1.863
2018-10-16,1.871
2018-10-17,1.87
2018-10-18,1.844
2018-10-19,1.845
2018-10-22,1.856
2018-10-23,1.852
2018-10-24,1.861
2018-10-25,1.862
2018-10-26,1.858
2018-10-29,1.807
2018-10-30,1.832
2018-10-31,1.834
2018-11-01,1.834
2018-11-02,1.852
2018-11-05,1.85
2018-11-06,1.851
2018-11-07,1.841
2018-11-08,1.844
2018-11-09,1.841
2018-11-12,1.836
2018-11-13,1.837
2018-11-14,1.837
2018-11-15,1.847
2018-11-16,1.849
2018-11-19,1.849
2018-11-20,1.853
2018-11-21,1.858
2018-11-22,1.857
2018-11-23,1.848
2018-11-26,1.842
2018-11-27,1.836
2018-11-28,1.841
2018-11-29,1.826
2018-11-30,1.83
2018-12-03,1.845
2018-12-04,1.843
2018-12-05,1.839
2018-12-06,1.82
2018-12-07,1.809
2018-12-10,1.794
2018-12-11,1.79
2018-12-12,1.769
2018-12-13,1.769
2018-12-14,1.76
2018-12-17,1.761
2018-12-18,1.751
2018-12-19,1.743
2018-12-20,1.743
2018-12-21,1.746
2018-12-24,1.748
2018-12-26,1.745
2018-12-27,1.747
2018-12-28,1.748
2018-12-31,1.748
2019-01-02,1.733
2019-01-03,1.731
2019-01-04,1.717
2019-01-07,1.722
2019-01-08,1.725
2019-01-09,1.723
2019-01-10,1.717
2019-01-11,1.72
2019-01-14,1.718
2019-01-15,1.721
2019-01-16,1.722
2019-01-17,1.722
2019-01-18,1.731
2019-01-21,1.736
2019-01-22,1.729
2019-01-23,1.737
2019-01-24,1.745
2019-01-25,1.746
2019-01-28,1.751
2019-01-29,1.757
2019-01-30,1.761
2019-01-31,1.754
2019-02-01,1.751
2019-02-07,1.751
2019-02-08,1.743
2019-02-11,1.741
2019-02-12,1.749
2019-02-13,1.754
2019-02-14,1.753
2019-02-15,1.75
2019-02-18,1.762
2019-02-19,1.763
2019-02-20,1.766
2019-02-21,1.769
2019-02-22,1.771
2019-02-25,1.774
2019-02-26,1.771
2019-02-27,1.77
2019-02-28,1.776
2019-03-04,1.787
2019-03-05,1.788
2019-03-06,1.786
2019-03-07,1.78
2019-03-08,1.773
2019-03-11,1.776
2019-03-12,1.776
2019-03-13,1.77
2019-03-14,1.77
2019-03-15,1.778
2019-03-18,1.781
2019-03-19,1.781
2019-03-20,1.783
2019-03-21,1.773
2019-03-22,1.777
2019-03-25,1.763
2019-03-26,1.76
2019-03-27,1.74
2019-03-28,1.719
2019-03-29,1.722
2019-04-01,1.74
2019-04-02,1.733
2019-04-03,1.743
2019-04-04,1.744
2019-04-05,1.752
2019-04-08,1.749
2019-04-09,1.749
2019-04-10,1.751
2019-04-11,1.753
2019-04-12,1.754
2019-04-15,1.77
2019-04-16,1.772
2019-04-17,1.777
2019-04-18,1.752
2019-04-19,1.758
2019-04-22,1.766
2019-04-23,1.764
2019-04-24,1.755
2019-04-25,1.739
2019-04-26,1.738
2019-04-29,1.734
2019-04-30,1.727
2019-05-02,1.749
2019-05-03,1.752
2019-05-07,1.743
2019-05-08,1.74
2019-05-09,1.734
2019-05-10,1.741
2019-05-13,1.742
2019-05-14,1.735
2019-05-15,1.734
2019-05-16,1.709
2019-05-17,1.707
2019-05-20,1.714
2019-05-21,1.703
2019-05-22,1.704
2019-05-23,1.69
2019-05-24,1.687
2019-05-27,1.69
2019-05-28,1.691
2019-05-29,1.665
2019-05-30,1.669
2019-05-31,1.626
2019-06-03,1.619
2019-06-04,1.616
2019-06-05,1.595
2019-06-07,1.595
2019-06-10,1.592
2019-06-11,1.597
2019-06-12,1.537
2019-06-13,1.543
2019-06-14,1.536
2019-06-17,1.554
2019-06-18,1.556
2019-06-19,1.548
2019-06-20,1.502
2019-06-21,1.519
2019-06-24,1.519
2019-06-25,1.543
2019-06-26,1.56
2019-06-27,1.564
2019-06-28,1.552
2019-07-01,1.556
2019-07-02,1.546
2019-07-03,1.521
2019-07-04,1.512
2019-07-05,1.514
2019-07-08,1.514
2019-07-09,1.514
2019-07-10,1.523
2019-07-11,1.508
2019-07-12,1.511
2019-07-15,1.517
2019-07-16,1.515
2019-07-17,1.491
2019-07-18,1.444
2019-07-19,1.43
2019-07-22,1.434
2019-07-23,1.436
2019-07-24,1.424
2019-07-25,1.415
2019-07-26,1.418
2019-07-29,1.416
2019-07-30,1.414
2019-07-31,1.41
2019-08-01,1.42
2019-08-02,1.382
2019-08-05,1.32
2019-08-06,1.295
2019-08-07,1.244
2019-08-08,1.221
2019-08-09,1.2
2019-08-12,1.19
2019-08-13,1.174
2019-08-14,1.169
2019-08-16,1.125
2019-08-19,1.126
2019-08-20,1.124
2019-08-21,1.15
2019-08-22,1.108
2019-08-23,1.113
2019-08-26,1.08
2019-08-27,1.114
2019-08-28,1.118
2019-08-29,1.115
2019-08-30,1.122
2019-09-02,1.154
2019-09-03,1.15
2019-09-04,1.157
2019-09-05,1.171
2019-09-06,1.174
2019-09-09,1.172
2019-09-10,1.188
2019-09-11,1.202
2019-09-16,1.27
2019-09-17,1.251
2019-09-18,1.254
2019-09-19,1.269
2019-09-20,1.269
2019-09-23,1.277
2019-09-24,1.277
2019-09-25,1.272
2019-09-26,1.272
2019-09-27,1.273
2019-09-30,1.275
2019-10-01,1.287
2019-10-02,1.283
2019-10-04,1.243
2019-10-07,1.259
2019-10-08,1.267
2019-10-10,1.271
2019-10-11,1.272
2019-10-14,1.273
2019-10-15,1.272
2019-10-16,1.276
2019-10-17,1.285
2019-10-18,1.283
2019-10-21,1.3
2019-10-22,1.293
2019-10-23,1.299
2019-10-24,1.311
2019-10-25,1.334
2019-10-28,1.369
2019-10-29,1.36
2019-10-30,1.359
2019-10-31,1.359
2019-11-01,1.364
2019-11-04,1.387
2019-11-05,1.371
2019-11-06,1.377
2019-11-07,1.38
2019-11-08,1.374
2019-11-11,1.372
2019-11-12,1.394
2019-11-13,1.388
2019-11-14,1.392
2019-11-15,1.395
2019-11-18,1.405
2019-11-19,1.399
2019-11-20,1.38
2019-11-21,1.39
2019-11-22,1.391
2019-11-25,1.401
2019-11-26,1.399
2019-11-27,1.39
2019-11-28,1.382
2019-11-29,1.365
2019-12-02,1.376
2019-12-03,1.382
2019-12-04,1.36
2019-12-05,1.37
2019-12-06,1.371
2019-12-09,1.363
2019-12-10,1.351
2019-12-11,1.345
2019-12-12,1.343
2019-12-13,1.352
2019-12-16,1.341
2019-12-17,1.34
2019-12-18,1.336
2019-12-19,1.347
2019-12-20,1.349
2019-12-23,1.342
2019-12-24,1.339
2019-12-26,1.336
2019-12-27,1.337
2019-12-30,1.335
2019-12-31,1.335
2020-01-02,1.319
2020-01-03,1.299
2020-01-06,1.295
2020-01-07,1.312
2020-01-08,1.319
2020-01-09,1.326
2020-01-10,1.33
2020-01-13,1.328
2020-01-14,1.317
2020-01-15,1.32
2020-01-16,1.333
2020-01-17,1.341
2020-01-20,1.355
2020-01-21,1.33
2020-01-22,1.345
2020-01-23,1.338
2020-01-28,1.295
2020-01-29,1.286
2020-01-30,1.265
2020-01-31,1.264
2020-02-03,1.256
2020-02-04,1.272
2020-02-05,1.259
2020-02-06,1.257
2020-02-07,1.238
2020-02-10,1.242
2020-02-11,1.241
2020-02-12,1.242
2020-02-13,1.235
2020-02-14,1.268
2020-02-17,1.264
2020-02-18,1.237
2020-02-19,1.237
2020-02-20,1.209
2020-02-21,1.168
2020-02-24,1.129
2020-02-25,1.139
2020-02-26,1.119
2020-02-27,1.154
2020-02-28,1.113
2020-03-02,1.121
2020-03-03,1.117
2020-03-04,1.038
2020-03-05,1.046
2020-03-06,1.051
2020-03-09,1.014
2020-03-10,1.033
2020-03-11,1.032
2020-03-12,1.022
2020-03-13,1.073
2020-03-16,1.02
2020-03-17,0.981
2020-03-18,0.982
2020-03-19,1.066
2020-03-20,1.019
2020-03-23,1.041
2020-03-24,1.015
2020-03-25,1.013
2020-03-26,0.995
2020-03-27,0.993
2020-03-30,1.005
2020-03-31,0.989
2020-04-01,0.984
2020-04-02,0.959
2020-04-03,0.95
2020-04-06,0.928
2020-04-07,0.911
2020-04-08,0.891
2020-04-09,0.862
2020-04-10,0.856
2020-04-13,0.867
2020-04-14,0.871
2020-04-16,0.868
2020-04-17,0.879
2020-04-20,0.876
2020-04-21,0.886
2020-04-22,0.893
2020-04-23,0.884
2020-04-24,0.873
2020-04-27,0.878
2020-04-28,0.879
2020-04-29,0.872
2020-05-04,0.856
2020-05-06,0.845
2020-05-07,0.834
2020-05-08,0.819
2020-05-11,0.821
2020-05-12,0.799
2020-05-13,0.78
2020-05-14,0.786
2020-05-15,0.784
2020-05-18,0.783
2020-05-19,0.781
2020-05-20,0.772
2020-05-21,0.768
2020-05-22,0.755
2020-05-25,0.743
2020-05-26,0.743
2020-05-27,0.749
2020-05-28,0.7
2020-05-29,0.692
2020-06-01,0.689
2020-06-02,0.692
2020-06-03,0.708
2020-06-04,0.723
2020-06-05,0.73
2020-06-08,0.732
2020-06-09,0.722
2020-06-10,0.72
2020-06-11,0.718
2020-06-12,0.721
2020-06-15,0.736
2020-06-16,0.736
2020-06-17,0.749
2020-06-18,0.73
2020-06-19,0.725
2020-06-22,0.725
2020-06-23,0.709
2020-06-24,0.707
2020-06-25,0.706
2020-06-26,0.701
2020-06-29,0.717
2020-06-30,0.716
2020-07-01,0.712
2020-07-02,0.701
2020-07-03,0.703
2020-07-06,0.71
2020-07-07,0.701
2020-07-08,0.698
2020-07-09,0.702
2020-07-10,0.703
2020-07-13,0.71
2020-07-14,0.704
2020-07-15,0.7
2020-07-16,0.691
2020-07-17,0.682
2020-07-20,0.674
2020-07-21,0.684
2020-07-22,0.68
2020-07-23,0.672
2020-07-24,0.671
2020-07-27,0.671
2020-07-28,0.677
2020-07-29,0.673
2020-07-30,0.664
2020-07-31,0.658
2020-08-03,0.655
2020-08-04,0.657
2020-08-05,0.649
2020-08-06,0.653
2020-08-07,0.655
2020-08-10,0.668
2020-08-11,0.664
2020-08-12,0.672
2020-08-13,0.667
2020-08-14,0.673
2020-08-18,0.664
2020-08-19,0.662
2020-08-20,0.667
2020-08-21,0.683
2020-08-24,0.67
2020-08-25,0.672
2020-08-26,0.677
2020-08-27,0.682
2020-08-28,0.701
2020-08-31,0.722
2020-09-01,0.746
2020-09-02,0.72
2020-09-03,0.721
2020-09-04,0.731
2020-09-07,0.748
2020-09-08,0.733
2020-09-09,0.71
2020-09-10,0.708
2020-09-11,0.714
2020-09-14,0.709
2020-09-15,0.699
2020-09-16,0.7
2020-09-17,0.705
2020-09-18,0.7
2020-09-21,0.699
2020-09-22,0.694
2020-09-23,0.686
2020-09-24,0.674
2020-09-25,0.674
2020-09-28,0.668
2020-09-29,0.668
2020-10-05,0.679
2020-10-06,0.687
2020-10-07,0.685
2020-10-08,0.683
2020-10-12,0.69
2020-10-13,0.689
2020-10-14,0.68
2020-10-15,0.671
2020-10-16,0.674
2020-10-19,0.673
2020-10-20,0.679
2020-10-21,0.685
2020-10-22,0.68
2020-10-23,0.675
2020-10-26,0.673
2020-10-27,0.677
2020-10-28,0.674
2020-10-29,0.678
2020-10-30,0.68
2020-11-02,0.698
2020-11-03,0.702
2020-11-04,0.693
2020-11-05,0.681
2020-11-06,0.689
2020-11-09,0.694
2020-11-10,0.704
2020-11-11,0.71
2020-11-12,0.701
2020-11-13,0.699
2020-11-16,0.7
2020-11-17,0.698
2020-11-18,0.693
2020-11-19,0.695
2020-11-20,0.699
2020-11-23,0.692
2020-11-24,0.699
2020-11-25,0.707
2020-11-26,0.713
2020-11-27,0.712
2020-11-30,0.716
2020-12-01,0.715
2020-12-02,0.716
2020-12-03,0.714
2020-12-04,0.71
2020-12-07,0.709
2020-12-08,0.708
2020-12-09,0.71
2020-12-10,0.71
2020-12-11,0.713
2020-12-14,0.715
2020-12-15,0.715
2020-12-16,0.719
2020-12-17,0.726
2020-12-18,0.722
2020-12-21,0.72
2020-12-22,0.715
2020-12-23,0.71
2020-12-24,0.722
2020-12-28,0.728
2020-12-29,0.736
2020-12-30,0.741
2020-12-31,0.741
2021-01-04,0.726
2021-01-05,0.706
2021-01-06,0.709
2021-01-07,0.706
2021-01-08,0.707
2021-01-11,0.7
2021-01-12,0.702
2021-01-13,0.7
2021-01-14,0.701
2021-01-15,0.699
2021-01-18,0.692
2021-01-19,0.688
2021-01-20,0.686
2021-01-21,0.682
2021-01-22,0.689
2021-01-25,0.689
2021-01-26,0.688
2021-01-27,0.681
2021-01-28,0.677
2021-01-29,0.67
2021-02-01,0.678
2021-02-02,0.67
2021-02-03,0.669
2021-02-04,0.67
2021-02-05,0.67
2021-02-08,0.677
2021-02-09,0.67
2021-02-10,0.673
2021-02-15,0.675
2021-02-16,0.668
2021-02-17,0.669
2021-02-18,0.668
2021-02-19,0.669
2021-02-22,0.675
2021-02-23,0.673
2021-02-24,0.668
2021-02-25,0.665
2021-02-26,0.673
2021-03-02,0.671
2021-03-03,0.669
2021-03-04,0.672
2021-03-05,0.679
2021-03-08,0.687
2021-03-09,0.695
2021-03-10,0.689
2021-03-11,0.684
2021-03-12,0.688
2021-03-15,0.691
2021-03-16,0.685
2021-03-17,0.686
2021-03-18,0.682
2021-03-19,0.687
2021-03-22,0.686
2021-03-23,0.687
2021-03-24,0.682
2021-03-25,0.681
2021-03-26,0.684
2021-03-29,0.686
2021-03-30,0.692
2021-03-31,0.69
2021-04-01,0.693
2021-04-02,0.693
2021-04-05,0.697
2021-04-06,0.684
2021-04-07,0.68
2021-04-08,0.671
2021-04-09,0.667
2021-04-12,0.657
2021-04-13,0.656
2021-04-14,0.648
2021-04-15,0.658
2021-04-16,0.657
2021-04-19,0.651
2021-04-20,0.649
2021-04-21,0.642
2021-04-22,0.641
2021-04-23,0.644
2021-04-26,0.642
2021-04-27,0.638
2021-04-28,0.639
2021-04-29,0.64
2021-04-30,0.642
2021-05-03,0.642
2021-05-04,0.639
2021-05-06,0.627
2021-05-07,0.624
2021-05-10,0.619
2021-05-11,0.612
2021-05-12,0.61
2021-05-13,0.61
2021-05-14,0.609
2021-05-17,0.6
2021-05-18,0.599
2021-05-20,0.598
2021-05-21,0.593
2021-05-24,0.593
2021-05-25,0.593
2021-05-26,0.597
2021-05-27,0.591
2021-05-28,0.611
2021-05-31,0.633
2021-06-01,0.629
2021-06-02,0.632
2021-06-03,0.631
2021-06-04,0.639
2021-06-07,0.643
2021-06-08,0.644
2021-06-09,0.653
2021-06-10,0.719
2021-06-11,0.761
2021-06-14,0.814
2021-06-15,0.849
2021-06-16,0.879
2021-06-17,0.897
2021-06-18,0.889
2021-06-21,0.888
2021-06-22,0.877
2021-06-23,0.869
2021-06-24,0.888
2021-06-25,0.908
2021-06-28,0.943
2021-06-29,0.958
2021-06-30,0.955
2021-07-01,0.955
2021-07-02,0.956
2021-07-05,0.941
2021-07-06,0.937
2021-07-07,0.904
2021-07-08,0.866
2021-07-09,0.857
2021-07-12,0.852
2021-07-13,0.857
2021-07-14,0.85
2021-07-15,0.906
2021-07-16,0.922
2021-07-19,0.93
2021-07-20,0.917
2021-07-21,0.908
2021-07-22,0.915
2021-07-23,0.917
2021-07-26,0.912
2021-07-27,0.916
2021-07-28,0.934
2021-07-29,0.941
2021-07-30,0.936
2021-08-02,0.944
2021-08-03,0.952
2021-08-04,0.944
2021-08-05,0.949
2021-08-06,0.972
2021-08-09,0.978
2021-08-10,0.978
2021-08-11,0.977
2021-08-12,0.986
2021-08-13,0.994
2021-08-17,0.994
2021-08-18,0.993
2021-08-19,0.989
2021-08-20,0.999
2021-08-23,1.015
2021-08-24,1.042
2021-08-25,1.05
2021-08-26,1.059
2021-08-27,1.068
2021-08-30,1.064
2021-08-31,1.064
2021-09-01,1.066
2021-09-02,1.046
2021-09-03,1.043
2021-09-06,1.043
2021-09-07,1.041
2021-09-08,1.047
2021-09-09,1.061
2021-09-10,1.074
2021-09-13,1.086
2021-09-14,1.09
2021-09-15,1.073
2021-09-16,1.078
2021-09-17,1.082
2021-09-23,1.086
2021-09-24,1.085
2021-09-27,1.081
2021-09-28,1.103
2021-09-29,1.1
2021-09-30,1.096
2021-10-01,1.102
2021-10-05,1.102
2021-10-06,1.137
2021-10-07,1.126
2021-10-08,1.124
2021-10-12,1.156
2021-10-13,1.151
2021-10-14,1.142
2021-10-15,1.135
2021-10-18,1.161
2021-10-19,1.157
2021-10-20,1.151
2021-10-21,1.144
2021-10-22,1.17
2021-10-25,1.184
2021-10-26,1.216
2021-10-27,1.299
2021-10-28,1.32
2021-10-29,1.41
2021-11-01,1.471
2021-11-02,1.456
2021-11-03,1.438
2021-11-04,1.429
2021-11-05,1.397
2021-11-08,1.37
2021-11-09,1.332
2021-11-10,1.32
2021-11-11,1.317
2021-11-12,1.314
2021-11-15,1.294
2021-11-16,1.305
2021-11-17,1.298
2021-11-18,1.29
2021-11-19,1.292
2021-11-22,1.307
2021-11-23,1.318
2021-11-24,1.323
2021-11-25,1.305
2021-11-26,1.288
2021-11-29,1.297
2021-11-30,1.292
2021-12-01,1.319
2021-12-02,1.327
2021-12-03,1.343
2021-12-06,1.328
2021-12-07,1.33
2021-12-08,1.32
2021-12-09,1.322
2021-12-10,1.329
2021-12-13,1.328
2021-12-14,1.322
2021-12-15,1.32
2021-12-16,1.285
2021-12-17,1.276
2021-12-20,1.271
2021-12-21,1.281
2021-12-22,1.301
2021-12-23,1.328
2021-12-24,1.327
2021-12-27,1.326
2021-12-28,1.338
2021-12-29,1.338
2021-12-30,1.349
2021-12-31,1.35
2022-01-03,1.363
2022-01-04,1.37
2022-01-05,1.341
2022-01-06,1.394
2022-01-07,1.397
2022-01-10,1.417
2022-01-11,1.417
2022-01-12,1.404
2022-01-13,1.404
2022-01-14,1.431
2022-01-17,1.455
2022-01-18,1.448
2022-01-19,1.433
2022-01-20,1.444
2022-01-21,1.443
2022-01-24,1.438
2022-01-25,1.453
2022-01-26,1.455
2022-01-27,1.473
2022-01-28,1.463
2022-02-03,1.452
2022-02-04,1.467
2022-02-07,1.47
2022-02-08,1.47
2022-02-09,1.46
2022-02-10,1.455
2022-02-11,1.475
2022-02-14,1.474
2022-02-15,1.483
2022-02-16,1.478
2022-02-17,1.481
2022-02-18,1.496
2022-02-21,1.502
2022-02-22,1.492
2022-02-23,1.5
2022-02-24,1.485
2022-02-25,1.498
2022-02-28,1.503
2022-03-02,1.487
2022-03-03,1.512
2022-03-04,1.503
2022-03-07,1.515
2022-03-08,1.507
2022-03-10,1.504
2022-03-11,1.546
2022-03-14,1.56
2022-03-15,1.548
2022-03-16,1.539
2022-03-17,1.508
2022-03-18,1.511
2022-03-21,1.523
2022-03-22,1.569
2022-03-23,1.585
2022-03-24,1.593
2022-03-25,1.632
2022-03-28,1.75
2022-03-29,1.802
2022-03-30,1.792
2022-03-31,1.815
2022-04-01,1.823
2022-04-04,1.844
2022-04-05,1.852
2022-04-06,1.923
2022-04-07,2.012
2022-04-08,2.084
2022-04-11,2.223
2022-04-12,2.224
2022-04-13,2.152
2022-04-14,2.076
2022-04-15,2.023
2022-04-18,2.012
2022-04-19,1.995
2022-04-20,1.997
2022-04-21,1.991
2022-04-22,1.998
2022-04-25,1.972
2022-04-26,1.963
2022-04-27,1.958
2022-04-28,1.96
2022-04-29,1.97
2022-05-02,2.012
2022-05-03,2.01
2022-05-04,2.023
2022-05-06,2.017
2022-05-09,1.989
2022-05-10,1.981
2022-05-11,1.949
2022-05-12,1.95
2022-05-13,1.954
2022-05-16,2.041
2022-05-17,2.04
2022-05-18,2.078
2022-05-19,2.079
2022-05-20,2.072
2022-05-23,2.088
2022-05-24,2.092
2022-05-25,2.091
2022-05-26,2.129
2022-05-27,2.137
2022-05-30,2.131
2022-05-31,2.163
2022-06-02,2.181
2022-06-03,2.18
2022-06-07,2.222
2022-06-08,2.226
2022-06-09,2.234
2022-06-10,2.29
2022-06-13,2.416
2022-06-14,2.451
2022-06-15,2.541
2022-06-16,2.651
2022-06-17,2.819
2022-06-20,2.811
2022-06-21,2.834
2022-06-22,2.83
2022-06-23,2.836
2022-06-24,2.824
2022-06-27,2.876
2022-06-28,2.878
2022-06-29,2.9
2022-06-30,2.981
2022-07-01,2.964
2022-07-04,2.959
2022-07-05,2.954
2022-07-06,2.909
2022-07-07,2.92
2022-07-08,2.959
2022-07-11,2.974
2022-07-12,2.984
2022-07-13,2.97
2022-07-14,3.011
2022-07-15,2.997
2022-07-18,2.996
2022-07-19,2.974
2022-07-20,2.985
2022-07-21,2.973
2022-07-22,2.943
2022-07-25,2.929
2022-07-26,2.931
2022-07-27,2.932
2022-07-28,2.949
2022-07-29,2.902
2022-08-01,2.924
2022-08-02,2.891
2022-08-03,2.901
2022-08-04,2.892
2022-08-05,2.876
2022-08-08,2.9
2022-08-09,2.899
2022-08-10,2.902
2022-08-11,2.894
2022-08-12,2.902
2022-08-16,2.862
2022-08-17,2.882
2022-08-18,2.887
2022-08-19,2.925
2022-08-22,2.961
2022-08-23,2.99
2022-08-24,3.046
2022-08-25,3.19
2022-08-26,3.209
2022-08-29,3.272
2022-08-30,3.244
2022-08-31,3.268
2022-09-01,3.303
2022-09-02,3.25
2022-09-05,3.205
2022-09-06,3.242
2022-09-07,3.232
2022-09-08,3.144
2022-09-13,3.155
2022-09-14,3.21
2022-09-15,3.228
2022-09-16,3.211
2022-09-19,3.194
2022-09-20,3.167
2022-09-21,3.175
2022-09-22,3.278
2022-09-23,3.342
2022-09-26,3.604
2022-09-27,3.484
2022-09-28,3.488
2022-09-29,3.454
2022-09-30,3.382
2022-10-04,3.331
2022-10-05,3.415
2022-10-06,3.43
2022-10-07,3.487
2022-10-11,3.546
2022-10-12,3.455
2022-10-13,3.543
2022-10-14,3.544
2022-10-17,3.568
2022-10-18,3.573
2022-10-19,3.649
2022-10-20,3.674
2022-10-21,3.801
2022-10-24,3.736
2022-10-25,3.71
2022-10-26,3.719
2022-10-27,3.753
2022-10-28,3.728
2022-10-31,3.783
2022-11-01,3.766
2022-11-02,3.863
2022-11-03,3.901
2022-11-04,3.902
2022-11-07,3.93
2022-11-08,3.93
2022-11-09,3.911
2022-11-10,3.905
2022-11-11,3.836
2022-11-14,3.871
2022-11-15,3.831
2022-11-16,3.84
2022-11-17,3.835
2022-11-18,3.831
2022-11-21,3.834
2022-11-22,3.844
2022-11-23,3.84
2022-11-24,3.788
2022-11-25,3.755
2022-11-28,3.748
2022-11-29,3.753
2022-11-30,3.725
2022-12-01,3.702
2022-12-02,3.678
2022-12-05,3.662
2022-12-06,3.663
2022-12-07,3.659
2022-12-08,3.662
2022-12-09,3.656
2022-12-12,3.646
2022-12-13,3.649
2022-12-14,3.622
2022-12-15,3.64
2022-12-16,3.659
2022-12-19,3.691
2022-12-20,3.768
2022-12-21,3.751
2022-12-22,3.742
2022-12-23,3.769
2022-12-26,3.794
2022-12-27,3.775
2022-12-28,3.767
2022-12-29,3.777
2022-12-30,3.773
2023-01-02,3.769
2023-01-03,3.705
2023-01-04,3.669
2023-01-05,3.649
2023-01-06,3.607
2023-01-09,3.583
2023-01-10,3.588
2023-01-11,3.571
2023-01-12,3.596
2023-01-13,3.554
2023-01-16,3.599
2023-01-17,3.605
2023-01-18,3.572
2023-01-19,3.532
2023-01-20,3.548
2023-01-25,3.535
2023-01-26,3.531
2023-01-27,3.506
2023-01-30,3.472
2023-01-31,3.489
2023-02-01,3.447
2023-02-02,3.424
2023-02-03,3.4
2023-02-06,3.459
2023-02-07,3.447
2023-02-08,3.445
2023-02-09,3.46
2023-02-10,3.451
2023-02-13,3.478
2023-02-14,3.493
2023-02-15,3.546
2023-02-16,3.54
2023-02-17,3.61
2023-02-20,3.616
2023-02-21,3.592
2023-02-22,3.607
2023-02-23,3.602
2023-02-24,3.582
2023-02-27,3.652
2023-02-28,3.701
2023-03-02,3.74
2023-03-03,3.707
2023-03-06,3.699
2023-03-07,3.666
2023-03-08,3.696
2023-03-09,3.692
2023-03-10,3.651
2023-03-13,3.538
2023-03-14,3.484
2023-03-15,3.469
2023-03-16,3.385
2023-03-17,3.355
2023-03-20,3.296
2023-03-21,3.301
2023-03-22,3.292
2023-03-23,3.29
2023-03-24,3.285
2023-03-27,3.29
2023-03-28,3.288
2023-03-29,3.287
2023-03-30,3.269
2023-03-31,3.274
2023-04-03,3.308
2023-04-04,3.281
2023-04-05,3.289
2023-04-06,3.275
2023-04-07,3.282
2023-04-10,3.263
2023-04-11,3.279
2023-04-12,3.272
2023-04-13,3.235
2023-04-14,3.235
2023-04-17,3.242
2023-04-18,3.228
2023-04-19,3.237
2023-04-20,3.234
2023-04-21,3.218
2023-04-24,3.217
2023-04-25,3.228
2023-04-26,3.219
2023-04-27,3.253
2023-04-28,3.281
2023-05-02,3.324
2023-05-03,3.335
2023-05-04,3.326
2023-05-08,3.342
2023-05-09,3.344
2023-05-10,3.353
2023-05-11,3.344
2023-05-12,3.35
2023-05-15,3.391
2023-05-16,3.392
2023-05-17,3.416
2023-05-18,3.426
2023-05-19,3.445
2023-05-22,3.447
2023-05-23,3.47
2023-05-24,3.464
2023-05-25,3.513
2023-05-26,3.538
2023-05-30,3.569
2023-05-31,3.54
2023-06-01,3.546
2023-06-02,3.51
2023-06-05,3.538
2023-06-07,3.514
2023-06-08,3.531
2023-06-09,3.503
2023-06-12,3.492
2023-06-13,3.467
2023-06-14,3.489
2023-06-15,3.507
2023-06-16,3.502
2023-06-19,3.514
2023-06-20,3.503
2023-06-21,3.502
2023-06-22,3.506
2023-06-23,3.51
2023-06-26,3.505
2023-06-27,3.501
2023-06-28,3.508
2023-06-29,3.525
2023-06-30,3.563
2023-07-03,3.559
2023-07-04,3.562
2023-07-05,3.564
2023-07-06,3.59
2023-07-07,3.623
2023-07-10,3.665
2023-07-11,3.629
2023-07-12,3.627
2023-07-13,3.574
2023-07-14,3.592
2023-07-17,3.588
2023-07-18,3.58
2023-07-19,3.542
2023-07-20,3.552
2023-07-21,3.551
2023-07-24,3.548
2023-07-25,3.551
2023-07-26,3.524
2023-07-27,3.506
2023-07-28,3.521
2023-07-31,3.523
2023-08-01,3.494
2023-08-02,3.494
2023-08-03,3.494
2023-08-04,3.498
2023-08-07,3.475
2023-08-08,3.466
2023-08-09,3.474
2023-08-10,3.475
2023-08-11,3.476
2023-08-14,3.489
2023-08-16,3.462
2023-08-17,3.49
2023-08-18,3.471
2023-08-21,3.51
2023-08-22,3.514
2023-08-23,3.508
2023-08-24,3.511
2023-08-25,3.539
2023-08-28,3.534
2023-08-29,3.526
2023-08-30,3.515
2023-08-31,3.5
2023-09-01,3.497
2023-09-04,3.518
2023-09-05,3.528
2023-09-06,3.514
2023-09-07,3.568
2023-09-08,3.562
2023-09-11,3.607
2023-09-12,3.622
2023-09-13,3.629
2023-09-14,3.633
2023-09-15,3.645
2023-09-18,3.664
2023-09-19,3.652
2023-09-20,3.653
2023-09-21,3.672
2023-09-22,3.658
2023-09-25,3.651
2023-09-26,3.66
2023-09-27,3.661
2023-10-04,3.757
2023-10-05,3.744
2023-10-06,3.722
2023-10-10,3.723
2023-10-11,3.713
2023-10-12,3.704
2023-10-13,3.728
2023-10-16,3.739
2023-10-17,3.738
2023-10-18,3.753
2023-10-19,3.767
2023-10-20,3.749
2023-10-23,3.761
2023-10-24,3.738
2023-10-25,3.743
2023-10-26,3.761
2023-10-27,3.749
2023-10-30,3.745
2023-10-31,3.74
2023-11-01,3.731
2023-11-02,3.687
2023-11-03,3.693
